city,name,url_short,place_id,last_scrape_time,summarize,summary,,,,,,,,,,,,,,,,,,,,
新北,國家人權博物館,https://maps.app.goo.gl/eouEfVWzHW128wK9A,ChIJTUvkJ2ADaDQR-FoZxrpETXY,2026-06-02 14:48,done,"歡迎來到國家人權博物館。這裡是台灣一處極具份量的歷史場所，許多來訪者走進園區之後，都說這趟參訪讓他們對台灣有了全然不同的理解。

說到設施與參觀體驗，幾乎所有人都會提到一件事——這裡完全免費入場，而且規模之大、內容之豐富，讓人很難一次看完。園區保留了威權時期的牢房、審訊室與法庭原貌，建築與展品的還原程度令人印象深刻。許多訪客強烈建議參加定時的免費導覽，因為專業解說人員講解生動詳盡，能讓人對每一個空間有遠比自行參觀深得多的理解；服務台也備有多語言語音導覽機可以借用。近年新增的VR體驗《無法離開的人》也受到高度讚揚，不少人看完之後淚流不止。園區內備有咖啡廳與圖書館，服務人員普遍被形容為親切熱心，甚至會主動提供防蚊液。不過，也有訪客反映幾個小小遺憾：交通位置較為偏僻，距捷運站有段距離；夏日蚊蟲偏多；部分展覽的動線與外語標示也還有改善空間。

這裡的歷史意義，是整個博物館存在的核心。國家人權博物館是亞洲第一座結合歷史遺址與人權教育的國家級博物館，主要保存台灣白色恐怖時期的記憶，見證台灣從威權體制走向民主自由的歷程。展覽呈現了政治犯遭刑求、冤獄、審判的真實過程，法庭原址至今保留當年審理美麗島事件的場景。許多訪客指出，這裡記錄的不只是統計數字，而是一個個真實的人的遭遇——有些受難者甚至親自現身，為來訪者進行口述歷史導覽，讓歷史瞬間有了溫度與面孔。

踏進這個園區，幾乎所有訪客都會感受到一種難以言說的情緒衝擊。「走進國家人權博物館，時間彷彿被拉回那段沉重卻必須被記住的歷史」，這樣的形容屢屢出現在各地訪客的描述中。進入牢房的瞬間，狹小、昏暗、沒有隱私的空間，讓人切身感受到當年的壓迫；不少人說走出來時心情灰重，眼眶泛紅。外國訪客也不例外，有人留言寫道：""I came out of the museum completely heartbroken. Although I'm not from Taiwan, I felt the intense connection to the sufferings people here had to go through.""另一方面，許多人在沉重之後，反而升起一種對現在自由生活的深刻感恩——「感謝前人無私的付出與犧牲，才有現在民主法治的生活」，這樣的情感貫穿了大量訪客的心得。

在道德省思的層面，來訪者的反應高度一致。幾乎所有人都認為，威權統治下的刑求、冤獄與人權侵害是不容辯護的罪惡；許多人也感慨，加害者至今未被妥善追究，「至今連一句道歉都得不到，不該讓這樣的錯誤再度發生」。訪客們普遍強調，歷史絕對不能被遺忘——「這是不應該被遺忘和湮滅的歷史」——而民主與自由從來不是天上掉下來的，是無數人以生命換來的。也有人提醒，民主制度其實相當脆弱，「一個民主可以在幾次投票中因缺乏警覺而崩潰」，需要每一代人持續守護。

作為空間與場所，這裡承載的意義遠超過一般博物館。許多訪客認為，這是台灣全民都應該親身走訪的地方，是理解這個國家如何走到今天的必要功課。有人說它是「台灣民主制度的根基，好不容易發展至今的珍貴經歷」的見證；也有人感受到它同時提供了一個沉靜的公共空間，適合散步、沉思與反省。部分訪客則呼籲博物館應加強宣傳推廣，讓更多人知道這個地方的存在。

在政治觀點上，來訪者的聲音多元而鮮明。多數人強調台灣的民主自由得來不易，應珍惜守護、絕不走回頭路；批評國民黨威權統治的聲音相當普遍，認為那段歷史揭示了一黨專政對人民的深重傷害。也有日本訪客指出，台灣民眾對中共統一的恐懼，正是源於對那段歷史的切身記憶。不過，也有少數人認為展覽帶有特定意識形態色彩，或對轉型正義落實的完整性提出質疑，認為應同時檢視當下的司法與人權狀況。另有極少數聲音對博物館存在本身提出批評，認為資源運用有待商榷。

最後值得一提的是，這座博物館吸引了來自世界各地的訪客——有韓國、日本、法國、德國、美國等各國遊客慕名而來，許多人表示台灣保存與正視自身歷史的方式令他們深受震撼，甚至有德國訪客將其與德國面對納粹歷史的態度相比較，給予高度肯定。許多訪客也建議學校應將此地列入校外教學行程，讓下一代從小認識這段不應被遺忘的歷史。",,,,,,,,,,,,,,,,,,,,
台東,白色恐怖綠島紀念園區,https://maps.app.goo.gl/TUmZ1kNTBCvutUrw8,ChIJ2bbGOkyMbzQRA96Tbz3NFG4,2026-06-02 14:47,done,"白色恐怖綠島紀念園區，座落在綠島東南角、依山面海的開闊地帶，是許多來訪者口中「來綠島一定要去的地方」。這裡同時是監獄遺址、人權紀念碑，也是台灣民主化歷程的具體見證。

來訪者對這座園區的第一印象，往往是設施的多元與服務的用心。最多人提及的，是那場免費的專業導覽——許多遊客強烈建議一定要參加，因為「導覽人員十分專業，在他的解說下那些在歷史課本上不會出現的故事都活生生的和眼前場景搭起來」。導覽時長約一個半到兩小時，部分區域如蠟像館與八卦樓的特定走道，只有跟著導覽才能進入，因此格外珍貴。園區內設有視聽室、飲水機與廁所，冷氣空間提供舒適的休息點；但戶外區域幾乎毫無遮蔽，夏日烈日下令不少人汗流浹背，監獄建築內部也因無空調而悶熱難耐。蠟像館的逼真程度讓許多人印象深刻，還原了當時的監禁場景，視覺衝擊強烈。園區外的海景、礁岩與遠山景色則被形容為壯麗優美，與內部沉重的氛圍形成強烈反差。

從歷史意義來看，這座園區曾先後作為火燒島浮浪者收容所、新生訓導處，以及俗稱「綠洲山莊」的感訓監獄，收押了從1951年到1987年間大批政治犯。許多訪客在導覽中才驚覺，被關押的並非一般人想像中的「壞人」，而是「更多的是莫名奇妙被冠上『叛國』、『親共』、『企圖反叛』之類罪名的一般人」——醫生、教師、藝術家、知識份子，甚至連嫌疑都是莫須有。園區內保存了牢房原貌、高牆、瞭望塔，以及受難者的口述歷史與遺書，那些刻在石板上的名字與年份，讓不少人駐足良久。也有遊客在名單中找到了自己親人的名字，產生了無比震撼的個人連結。

踏入園區，幾乎所有到訪者都不約而同描述到一種沉重的壓迫感。「進去裡面心情就會感到好壓抑，封閉的地方」——這樣的感受從第一步踏入就開始。許多人在會客室的故事展板前心痛難耐，看著冤死者留下的遺書時流下眼淚。八卦樓蒸籠般的環境，讓人具體感受到政治犯所承受的身體折磨。但同時，也有不少人在參觀後感到一種深沉的感動——對那些以身換取今日自由的前人，升起發自內心的敬意與感念。

這種情感上的震撼，自然引發了道德上的深刻省思。來訪者幾乎一致譴責威權統治對人權的踐踏，對那些被冠以莫須有罪名、甚至連家屬至今仍不知槍決原因的受害者，感到義憤與心痛。與此同時，許多人選擇以感謝取代憤怒，「謝謝這些勇敢的人，才有今天的台灣」，這樣的話語在評論中反覆出現。也有人提出更廣的人道關懷，呼籲善待所有受刑人，尊重人的尊嚴與基本權利。更有人感慨「歷史可以被原諒，但不能遺忘」，認為記憶本身就是防止悲劇重演的防線。

作為公共空間，這座紀念園區被許多訪客視為台灣民主教育最重要的場所之一。「是臺灣人都該來看看」——這樣的呼聲貫穿了大量評論。不少人認為，唯有親身走進這裡，才能真正理解自由民主的珍貴，以及它是以多少人的血淚換來的。也有外國旅客指出，這裡是理解台灣歷史不可缺少的一扇窗。園區本身兼具自然景觀與歷史遺址，在充滿陽光與海浪的綠島觀光氛圍中，形成了一個讓人靜下來、認真思考的特殊角落。

在政治觀點上，評論呈現了多元而鮮明的聲音。最普遍的情感，是對威權統治的批判，以及珍惜當下民主自由的強烈意識——「脆弱的民主自由要由我們這代人好好守護」。許多人直接點名批評國民黨當年的暴行，並對其現今的政治走向感到諷刺；「強烈建議某黨的政治人物去走一遍，再來審視自己現在的行為是否很諷刺」，這樣的話語代表了相當一部分訪客的心情。也有少數人認為展覽內容帶有特定政治立場，呈現角度不夠客觀；另有極少數聲音批評現任政府，或對民主化後的社會秩序感到憂慮。此外，還有人對山壁上殘留的「滅共復國」標語感到諷刺，認為那與紀念人權的場所形成了荒謬的並置。

值得一提的是，許多訪客建議在參觀前先觀看《流麻溝十五號》等相關影片，以便更深入地進入歷史情境。也有人特別提醒，園區每週一休館，夏日建議避開正午高溫時段，並攜帶充足飲水。對於體質敏感的遊客，有人善意提醒早上前來較為適宜。這座園區，也曾舉辦人權藝術季等特展，持續以不同形式活化歷史記憶，邀請每一位到訪者，在面海的礁岩與高牆之間，重新審視這片土地走過的路。",,,,,,,,,,,,,,,,,,,,
新北,法務部調查局安康接待室,https://maps.app.goo.gl/LvB4JYo2w1E7Fvjk9,ChIJg0SrKqgDaDQRc-dNSWN4Wrc,2026-06-02 14:47,done,"歡迎來到法務部調查局安康接待室。這裡是台灣現存最完整的白色恐怖不義遺址，許多來訪者在踏入之前，或許對這個地名感到陌生，但走過一遭之後，幾乎沒有人能夠輕描淡寫地離開。

從設施本身來說，這處建築隱身於新店山區，位置偏遠隱密，光線昏暗，加上年久失修，潮濕塵灰滿佈，呼吸道較敏感的朋友建議戴上口罩前來。由於開放場次有限，目前採預約制，平日假日並非隨到隨入。不過，許多訪客都對這裡的導覽解說給予高度肯定——「導覽解說很完善，更可以了解當時的時空背景與設施的功用」，講師的投入與熱情，彌補了文物留存不多的遺憾。從偵訊室到號房，各區都可以進入實地參觀，讓人得以親身感受那個空間的尺度與氛圍。

說到歷史意義，這裡承載的份量相當沉重。許多訪客了解到，安康接待室是調查局歷史上第三處、也是最後一處專門的偵訊空間，從1974年啟用到1987年，見證了戒嚴時期最後一段肅殺歲月。最令人印象深刻的，是這裡曾審訊美麗島事件的相關人員，包括陳菊、姚嘉文、施明德等至今仍為台灣人所熟知的名字。透過空間格局，訪客們也得以推測當年如何以精神疲勞戰術逼取口供，讓那段歷史不再只是課本上的文字。

走入這個空間，幾乎所有人都描述到一種難以言喻的壓迫感。「踏入其中，狹窄的走廊、簡陋的接待與訊問室，讓人強烈感受到威權體制下的壓迫與恐懼。」有人形容那種寒意是從腳底竄上來的，有人參觀完走出山間陽光下，忍不住想流淚。許多人對政治受難者油然生出敬意與同情，也不約而同地感受到，這裡並非一般的觀光景點，而是一堂關於民主、人權與自由代價的深刻課程。

在道德省思上，訪客們的批判相當直接而深刻。最普遍被提及的，是對白色恐怖時期刑求與人權侵害的強烈譴責——「失去尊嚴，連如廁也被監視，蹲式馬桶成了唯一的依賴，洗衣、盥洗、排泄都在這，還生而為人嗎？」不少人也批評威權體制透過特別刑法製造冤假錯案、鞏固極權統治。更有人點出，這套壓抑與規訓的邏輯，其實與那個時代校園中老師手持藤條的日常，共享著同一種本質。許多人都感慨，台灣的民主自由，真的得來不易。

作為一處空間，安康接待室被大多數訪客視為不可或缺的民主教育場所。「我們之所以必須記得這份寒意，是為了確保下一代在校園與社會中，不再需要學會如何在恐懼中低頭。」這句話道出了許多人前來參訪的心情——不是為了獵奇，而是為了記得，為了傳承。

政治立場上，訪客們的聲音頗為一致。許多人呼籲台灣不要走回頭路，「不要再回到當年恐怖的日子」；也有人提出，至今仍沉睡於檔案櫃中的錄音資料，究竟是否應該公開，是值得社會繼續討論的問題。

最後值得一提的是，目前這裡採一邊修復、一邊開放導覽的方式進行，讓訪客得以同步了解保存工作的進展。也有人建議未來能推出親子與非親子的分場次導覽，讓不同需求的訪客都能有合適的參訪體驗。",,,,,,,,,,,,,,,,,,,,
新北,國家人權博物館白色恐怖景美紀念園區,https://maps.app.goo.gl/PPD3WX5rmW7XJM2BA,ChIJGz1RBQECaDQRxJtzsMZd2-Y,2026-06-02 14:47,done,"歡迎來到國家人權博物館白色恐怖景美紀念園區。這裡是台灣白色恐怖時期政治犯遭羈押、審判的真實場所，如今轉型為推動人權教育與轉型正義的重要博物館園區。讓我帶各位了解，來自世界各地的訪客們，在踏入這片土地後，留下了怎樣深刻的印象與感受。

來訪者普遍對這裡的場所設施留下正面印象。首先，這裡全面免費開放——不收門票、不收停車費，甚至語音導覽機也免費借用，提供華語、台語、客語、英語、日語、韓語等多種語言版本，讓不同背景的遊客都能深入了解。許多訪客特別推薦參加每天上午十點半與下午兩點半的定時免費導覽，志工導覽員被一致評為「非常專業」、「口條清晰」，帶著訪客走入歷史現場。園區面積相當廣大，法庭、押房、看守所等建築均依原樣保存，還原度極高，讓人身歷其境。部分訪客也很喜歡這裡提供的VR沉浸式電影體驗，以及實景解謎遊戲，吸引了不少年輕世代前來。不過也有一些美中不足之處：園區蚊蟲問題是被最多人提及的缺點，尤其夏季更為嚴重；交通位置稍偏，距捷運站有段距離，入口標示也不夠明顯；此外部分區域長期施工整修，讓訪客略感遺憾。

從歷史意義的角度來看，這個園區對許多訪客而言有著無可取代的價值。這裡是台灣戒嚴時期政治犯被羁押、起訴、審判、執行的真實場域，包括1980年轟動一時的美麗島事件軍法大審，就是在園區內的「第一法庭」進行的。許多訪客表示，在學校課本上從未讀到這段歷史，來到這裡才第一次真正認識台灣走向民主的艱辛過程。園區內展示了大量政治受難者的照片、文件、遺書與生命故事，人權紀念碑上刻著一個又一個受難者的名字與入出獄時間，「沒有多餘的述說，卻帶來莫大的心靈衝擊」。外國遊客也不少，日本、韓國、德國、法國等地的訪客都認為，這裡是理解台灣近現代史不可錯過的場所。

說到情緒感受，幾乎所有來訪者都不約而同地提到「沉重」這兩個字。許多人走進押房時，感受到強烈的壓迫與窒息感；看到受難者遺書與紀念碑時，紅了眼眶，甚至潸然淚下。有訪客聽了導覽之後寫道，「聽前輩口述自身冤獄的經歷，也著實感同身受而潸然淚下」。也有人形容，走入這個空間「彷彿靈魂受到重擊」。但在沉重之外，許多人也油然而生一種珍惜之情——珍惜現在得以自由生活、自由說話的每一天，深深體認到這些自由是前人以生命與自由換來的。

在道德省思方面，來訪者幾乎一致對白色恐怖時期政府的暴行提出強烈譴責。許多人認為，那個年代的政府以莫須有的罪名逮捕、審判、甚至殺害無辜人民，「罪名有多荒謬」，「寧可錯殺一千、不可放過一人」，是不可原諒的歷史罪行。同時，大多數訪客也對當年冒死抗爭、為自由民主犧牲的前輩們表達深深的敬意，「感謝前輩們的付出讓台灣得以逐漸擺脫黨國餘毒的侵害」。也有不少訪客強調，歷史可以被原諒，但不可以被遺忘，更不應被篡改或掩蓋。

在空間與場所價值上，這裡被訪客們普遍視為台灣最重要的人權教育場域之一。有訪客說，「這是你阿祖的名字，他在這邊被關了八年，如果沒有這樣子的園區就只剩下他們的家人會保留當時的記憶」——這句話道出了這個園區最核心的存在意義：它保存了那些差點被抹去的記憶，讓歷史有了實體的依歸。許多訪客建議應將此地納入中小學校外教學必訪名單，也有人認為，這裡作為「負面文化資產」的保存模式，與德國集中營的做法有異曲同工之意——正是要讓後人親眼見到，才能真正理解威權的代價。

在政治觀點方面，評論中呈現了相當豐富多元的聲音。許多訪客明確將矛頭指向國民黨政府，認為這段歷史是「中國國民黨政權的不法彈壓」，也有人呼籲國民黨至今仍未向全體台灣人道歉。不少訪客以香港的現況、或中共對台的威脅作為對比，警惕台灣人珍惜現有的民主，「它是習近平統治下的中國獨裁現實的映現，也是對台灣如果被中國吞併，可能會有一種什麼樣的未來的有力警示」。也有人表示，台灣社會越來越願意面對與承認黑歷史，「一個社會越來越願意承認黑歷史，都是個進步的象徵」。不過也有少數訪客持不同意見，認為園區的導覽或展覽帶有濃厚的政黨色彩與主觀意識，或者認為歷史呈現應更全面，不應只聚焦於特定政黨的暴行，而忽略其他時期的歷史傷痕。更有極少數人質疑，轉型正義是否被選擇性地運用。

最後有幾點特別值得一提：園區不定期舉辦特展，曾有烏克蘭戰爭特展、電影審查史等主題，內容時常與當下國際情勢產生對話。也有來自香港的訪客，看著這裡的歷史展覽，對照自身處境，留下了格外深刻的感受。另外，電影《返校》讓許多年輕人循著電影場景第一次走進這個園區，許多人說：「原本只是衝著返校的場景而前往，卻意外地帶著許多收穫離開。」——或許，這正是這個園區最動人之處：無論你是為了什麼走進來，幾乎沒有人能空手而回。",,,,,,,,,,,,,,,,,,,,
台東,新生訓導處第三大隊展示館(蠟像館),https://maps.app.goo.gl/nWXkQwdUEp89c49T7,ChIJJ4hb6E6MbzQRLX-5aUiZk8w,2026-06-02 14:48,done,"歡迎來到新生訓導處第三大隊展示館，也就是大家常說的蠟像館。這裡是綠島人權文化園區的重要展示區，許多來訪者都說，來綠島不能只是玩水浮潛，這個地方是絕對不可錯過的人文必訪景點。

走進展館，最讓許多訪客印象深刻的，就是那些栩栩如生的蠟像。幾乎所有人都提到蠟像製作極為逼真，不只還原了當時政治犯居住的空間，連睡上下舖、毫無個人隱私的生活細節都一一重現。有訪客形容「從門外看進去，被關的是自己，不像是蠟像被關」，可見那種臨場感之強烈。值得一提的是，展館免費入場，室內冷氣強勁，是夏日綠島「火燒島」天氣下難得的涼爽去處。導覽人員的解說也獲得不少好評，大家說解說員親切、仔細，參加導覽還能進入平日未開放的空間，體驗更為完整。不過要注意的是，展館僅在固定導覽時段開放，建議事先電話詢問，才不會白跑一趟。

從歷史意義來看，這裡完整呈現了白色恐怖時期綠島監獄的真實樣貌。許多訪客透過這裡的展示，了解到戒嚴時代政府如何箝制言論自由、如何對待政治犯與思想犯。展館依賴當年受難者的口述、手繪，以及珍貴的照片、手稿，一點一滴重建出當時的環境與氛圍。更令人動容的是，展覽中也呈現了受難者在困頓中的精神寄託——下象棋、拉小提琴、閱讀、寫書信，在不自由的身軀裡，靈魂仍試圖找到一絲喘息。

在情緒感受上，絕大多數訪客走出展館時，心情都是沉重的。「看著狹小的監獄，沒有隱私的生活，就讓人感到自由的美好」——這句話道出了許多人的共同心聲。蠟像的高度擬真也讓不少人在踏入展館的瞬間起了雞皮疙瘩，感受到那股壓迫的氛圍撲面而來。也有訪客對前輩的犧牲感到深深的敬意，「有這些人的努力犧牲，才有現在的台灣」，這樣的感觸在評論中反覆出現。

談到道德省思，來訪者幾乎一致認為，那段歷史中的冤獄與不義應當被銘記。政治受難者身負莫須有的罪名，失去自由、失去人權，甚至連自己種的食物都要花錢買回來，這種剝削令人難以接受。不少訪客認為應以此為鑑，「可以原諒，但不能忘記」，更多人呼籲後人永遠記住這些歷史上的荒謬，絕對不能重蹈覆轍。

在空間與場所價值上，這裡被視為台灣人權教育與歷史見證最重要的場所之一。它讓綠島除了自然風景之外，多了一層深刻的人文厚度。許多訪客希望這段歷史能夠好好被保存，成為永久的文化資產，傳承給每一個世代。

在政治觀點方面，評論中出現了相當一致的聲音：許多訪客感謝當年那些追求民主的前輩，「感謝各位前輩的努力，才有今日民主的台灣」。大家普遍認為應珍惜現今得來不易的自由，也有人明確提到了解國民黨來台後的政治統治歷史。也有少數外國訪客提出更尖銳的問題，質疑為何當時的台灣領導人迫害自己的人民，以及美國在其中扮演的角色，並期許新世代能從這段歷史中汲取教訓，不再重蹈過去的錯誤。

最後要特別提醒各位，進入展館時請穿著得體，不能裸露上身，拍照也不能使用閃光燈。整個展館大約半小時至兩小時可以走完，但若能搭配專人導覽，絕對值得多花一些時間，讓這段歷史真正走進你的心裡。",,,,,,,,,,,,,,,,,,,,
台東,八卦樓,https://maps.app.goo.gl/YdKobrs35xkzprRW9,ChIJA8zSLE2MbzQRhDChn-aZ60U,2026-06-02 14:48,done,"歡迎來到八卦樓——這棟外型獨特、充滿歷史重量的建築，是綠島人權文化園區的核心所在。

來訪者對這裡的第一印象，往往從這棟建築的構造開始。八卦樓之所以得名，是因為整體空間分為八個區域，呈放射狀展開，這樣的設計並非巧合，而是為了讓中央能同時監控所有牢房，管理上極為便利。許多遊客也聽說過一個民間傳說——這裡陰氣太重，才特地蓋成八卦形狀來鎮壓。不管哪種說法，這棟建築的設計確實令人印象深刻。整體保養維護的狀況也相當良好，蠟像館與牢房的還原相當逼真，讓人彷彿身歷其境。不過，來訪者們幾乎都會提到同一件事：室內非常潮濕悶熱，完全沒有冷氣，夏天進去體感相當不適。許多人強烈建議參加固定的導覽解說——時間分別是上午十點與下午三點——不僅解說詳細完整，某些上鎖的區域也唯有跟著導覽才能進入。

說到這裡的歷史意義，就不能不提台灣白色恐怖的那段黑暗歲月。這裡曾是關押政治犯的監獄，許多在那個年代被扣上思想問題帽子的讀書人、或遭人陷害者，都被送到這座孤島上接受勞動改造與思想教育。從1950年代最早興建的新生訓導處，到1970年代擴建的綠洲山莊，這裡見證了台灣數十年間最幽暗的政治壓迫史。直到1987年解嚴之後，這裡才逐漸轉型為人權紀念的象徵空間，成為推動轉型正義的重要地標。

踏入這個空間，幾乎所有來訪者都會感受到一種難以言說的沉重。「非常安靜又莊嚴的感覺」，是許多人共同的形容。不少人在聆聽受難者故事的過程中，起雞皮疙瘩，甚至留下眼淚；也有人說這裡「會讓人有窒息的感覺」，空間裡彷彿充滿了當年受難者的怨念與悲憤。然而，在這份沉重之中，許多訪客也同時湧現出對自由的深刻感悟，正如一位來訪者所說：「讓我深刻體會到自由的珍貴和不容易。」對受難者當年所展現的堅持與勇氣，也令許多人由衷敬佩。

面對這段歷史，來訪者的道德反思也相當深刻。許多人在這裡真切感受到了當時政府的專制，以及政治犯遭受冤枉的不公，有人說希望「向所有為爭取民主、人權而犧牲的受害者致上最高的歉意和敬意」。人權、自由、平等，在這個空間裡不再只是抽象的口號，而是一段段真實發生過的血淚代價。

正因如此，幾乎所有曾經到訪的人都一致認為，這裡是台灣人必訪的歷史場所。「台灣人必來，認識白色恐怖的歷史」，這樣的呼籲在評論中反覆出現。要認識台灣的民主發展，就必須認識綠島的故事；這個充滿歷史氛圍的園區，被許多人視為綠島旅遊中絕對不能跳過的一站。

在政治觀點上，來訪者的聲音也相當多元。有人強調，現在能活在民主自由的台灣，正是因為曾有前輩們在這樣的地方承受了黨國體制的壓迫，更應該珍惜今日得來不易的民主。也有少數人呼籲，面對這段歷史，「不要再仇恨相對，不要再挑起族群情懷」，希望社會能在記憶歷史的同時，往前看。

最後提醒各位，參觀時間大約需要一到兩小時，若跟導覽則更長。園區免費入場，但不能攜帶寵物進入。也有人建議，在這個承載著許多生命故事的地方，拍照時不妨多一份體貼與尊重。",,,,,,,,,,,,,,,,,,,,
台北,馬場町紀念公園,https://maps.app.goo.gl/Rr3zArCdsvaAgYWZ6,ChIJ7eoTdDmpQjQRNmJ8aJZnrDM,2026-06-02 14:48,done,"歡迎來到馬場町紀念公園。這座緊鄰新店溪的河濱公園，是台北市萬華區許多市民假日最熟悉的休憩場所，然而它所承載的歷史記憶，卻遠比眼前這片開闊的綠地來得厚重。

來訪者對這裡的設施與空間規劃普遍給予正面評價。許多遊客最常提到的，是這裡寬敞完善的自行車道——「路超級寬，隨時停下來休息也沒關係」，加上設有腳踏車租借站、公廁、飲水機與自動販賣機，補給相當方便。公園腹地廣闊，是台北市少數可以合法放風箏的地點之一，也常作為路跑賽事與各類大型活動的舉辦場地。河岸景觀視野開闊，傍晚時分還能遠眺台北101倒映在水面的夜景，不少人特別推薦夜間前來，避開白天的暑熱。當然，也有訪客指出遮陽設施不足是最明顯的缺點，夏日白天在此活動相當炎熱；此外，機車亂入自行車道、鴿子過多造成的環境問題，以及部分設施老舊、廁所衛生有待改善，也是不少人反映的困擾。

說到這裡的歷史，許多訪客都知道，馬場町在白色恐怖時期曾是政治犯槍決的刑場，這是它最核心、也最沉重的歷史身份。往前追溯，這裡在日治時期是日軍的軍事訓練區，戰後則成為戒嚴體制下執行死刑的場所，直到1980年代才改闢為跑馬場，2000年再轉型為今日的紀念公園。不少訪客特別提到，受難者中不乏追求社會正義與政治改革的志士，也包括原住民菁英，例如鄒族音樂家高一生即於1954年在此遭槍決。

站在這片土地上，許多來訪者感受到一種難以言說的莊嚴與沉重。「騎乘Ubike路過都帶著虔誠敬畏的心」，有人如此形容。也有人寫下「無言。」兩個字，道盡了對那段歷史的複雜情緒。對比眼前河畔的單車騎士、嬉戲的孩子與悠然散步的遊人，不少訪客感到一種特殊的衝擊——過去的肅殺與當下的和平，在同一片土地上並存。也有少數人坦言，心裡浮現對「上百條冤魂」的恐懼感，或是對那段歷史深感不安，「希望過去令人不安的政治迫害不會再發生」。

在道德省思方面，許多訪客對白色恐怖時期的不義行為表達譴責，肯定受難者為民主自由所做出的犧牲，也有人感嘆「不會質疑現今台灣祥和的社會是這裡奉獻生命的先烈們一切」。不過，也有少數訪客持不同立場，認為受難者中有真實的共產黨間諜，槍決是戰時對敵行為，情有可原。更有人直接批評，「有真共諜亦有許多無辜牽連之人，因此也是不義歷史遺址。」這些不同的道德判斷，在訪客留言中都真實存在。

就空間與場所的價值而言，馬場町紀念公園在訪客心中同時扮演著兩個角色：一是市民不可或缺的休閒運動空間，是新店溪右岸自行車道的重要中繼站，串連了碧潭、關渡乃至淡水的河濱路線；二是保存與傳承白色恐怖歷史記憶的重要場域。也有訪客呼籲，「歷史的記憶不能失去」，希望相關單位能在此持續舉辦紀念活動。

在政治觀點上，評論者的立場相當多元。有人高度肯定台灣走向民主自由的歷程，認為這裡見證了時代的蛻變；有人強調受難者是為民主犧牲的烈士，應受到尊重；也有人堅持認為被槍決者是危害國家的共諜，「真是個正義的地方」；還有人認為在國共對峙的時代背景下，處決敵方間諜是可以理解的戰時邏輯。這些截然不同、甚至彼此對立的詮釋，在訪客留言中並存，折射出台灣社會對這段歷史至今仍未完全消解的分歧。

值得一提的是，不少訪客提到是因為電視劇的緣故，才重新認識了這個地點與這段歷史，「因為一齣戲，重新認識了這個地點，也用另一個角度了解了這段歷史」。除了歷史意義，公園裡也有豐富的自然生態——除草時白鷺鷥跟著覓食的畫面曾令人印象深刻，不怕人的野鴿也是常見風景。這裡吸引的不只是台灣本地遊客，也有來自國際的訪客，留下以英文、日文、印尼文寫就的評語，共同記錄了這個地方的多重面貌。",,,,,,,,,,,,,,,,,,,,
台北,二二八和平紀念碑 228 Peace Memorial Monument,https://maps.app.goo.gl/AdM9i5pJWuQdtQxr9,ChIJG_Xe2nSpQjQRa7h1R94e7Jg,2026-06-02 14:48,done,"歡迎來到位於台北市中心的二二八和平紀念碑。這座紀念碑矗立在二二八和平公園的正中央，是許多來訪者口中「了解台灣歷史不可錯過的重要地點」。

來到這裡的訪客，首先感受到的往往是公園整體環境的宜人。許多人描述這裡是鬧市中難得的綠洲，寬敞的綠地、濃密的樹蔭、松鼠與鴿子在身邊悠然走動，讓人感到放鬆自在。公園緊鄰捷運台大醫院站，附近有台灣博物館，地理位置十分便利，是不少遊客安排台北一日遊的熱門駐足點，也適合帶小孩來進行親子活動。紀念碑本身的設計相當引人注目——幾何稜角造型配上環繞四周的水景，潺潺流水與光影相互輝映，營造出一種靜謐而莊重的氛圍。當然也有少數訪客覺得設計過於複雜晦澀，需要事先了解背景才能領會其意涵。水池與步道偶有維護不足的狀況，傍晚蚊蟲也較多，是部分遊客提到的小缺憾。

說到這座紀念碑的歷史意義，它是為了紀念1947年的二二八事件而建。那一年，一起執法人員毆打平民的事件引發了大規模的民間抗爭，隨後國民政府出兵鎮壓，大量無辜民眾罹難，此後更進入漫長的白色恐怖時期。紀念碑設計中有許多細節都呼應著這段歷史——頂部黑色鐵架取材自基隆港碼頭起重機的鋼構造型，象徵當年鎮壓軍隊從基隆登岸；手掌痕代表受難者家屬悲慟悼念時留下的印記；被切割的立方體則象徵事件造成的「社會秩序的破壞」。而以紀念碑為中心，向前連結日治時代的台灣博物館，向後呼應清代的南門，構成一條跨越三個統治時代的歷史軸線，令不少訪客深感震撼。公園內另設有二二八紀念館，可以更深入地了解事件始末。

踏入紀念碑的瞬間，許多訪客都形容一股莊嚴肅穆的情緒油然而生。有人描述「夜間走進紀念碑，聆聽潺潺流水，彷彿沉浸在歷史氛圍中」；也有外國遊客寫道，儘管下著雨，那份凝重的氛圍反而「像是一種象徵」。有人在這裡落淚，有人在走過象徵陰間的石板、環繞水井一圈後，感到一種難以言說的哀傷與沉重。不過也有訪客表示，在這片充滿歷史記憶的空間裡，同時感受到一種心靈的平靜與療癒。

在道德省思的層面，許多訪客強調這段歷史不應被遺忘——「勒石鐫文的目的是告慰亡者，平撫受難者悲憤，並警示後人記取教訓」，這樣的聲音在評論中反覆出現。不少人呼籲超越省籍的對立，走向真正的和解與團結，也有人指出白色恐怖的受害者並不僅限於本省籍，外省籍人士同樣承受了威權統治的傷害。少數訪客則認為碑文迴避了政府應負的責任，批評「應該老老實實地將此紀念碑當作一篇悔過書來寫」；也有另一些聲音認為，歷史傷痛應當被尊重，但不需要反覆撕開。

就空間與場所的價值而言，這座紀念碑作為公共紀念空間，承擔著歷史見證與公民教育的雙重功能。訪客步入碑下，低頭踩過跳石、環繞淺池一圈，這個儀式性的動線設計引導人們以身體的行動參與哀悼。與此同時，公園也是市民日常生活的一部分——每天清晨有人在此打太極、慢跑，午後有家長帶孩子散步，也有街頭藝人在紀念碑旁的大樹下唱歌演奏。這種歷史記憶與日常生活並存的狀態，正是這個空間獨特的魅力所在。

在政治觀點上，來訪者的看法相當多元。許多人認為這座紀念碑是台灣民主化與轉型正義的重要象徵，值得珍視。但也有人對這個地點被政治操作感到不滿，認為「228已經被政治當成提款機」，每逢紀念日前後各方政治力量的介入，讓這個本應純粹的紀念空間顯得複雜。甚至有少數極端的聲音，直接以負面標籤否定這座紀念碑的存在意義。這些截然不同的立場，在評論中真實地並排存在著。

值得一提的是，這座紀念碑的設計者鄭自財本身就是二二八事件的受害者之一，他在服刑期間構思出這件作品；而當年競圖最終採用的並非得票最高的作品，而是排名第二的設計，這段選拔過程也引發了部分訪客的好奇與討論。每年二月二十八日，紀念碑旁都會擺滿百合花，靜靜陪伴著來此悼念的人們。",,,,,,,,,,,,,,,,,,,,
台北,白色恐怖政治受難者紀念碑,https://maps.app.goo.gl/xjZq755KW1GQ7xRs8,ChIJSUK3ywqpQjQRJgW3r0Un3uM,2026-06-02 14:49,done,"各位朋友，我們現在來到的是位於凱達格蘭大道與懷寧街交會口的「白色恐怖政治受難者紀念碑」。這裡是台灣首座由中央政府設立的國家級受難者紀念場所，就矗立在總統府的視野所及之處。

來到這裡的訪客，往往首先注意到的是它的整體設施狀況。紀念碑本身的圓型坡道設計頗具巧思，位置也十分醒目易於辨識。然而，許多訪客坦言，到了現場之後，對於紀念碑的設計概念其實不太容易理解，旁邊的裝置藝術也讓不少人感到困惑。更令人遺憾的是，這個地方普遍給人一種疏於管理的印象——噴泉長期停擺、下方水池積水髒污，甚至被形容為「病媒蚊孳生地」，周邊環境也缺乏維護。有訪客直言：「似乎疏於管理，實屬可惜。」夜間造訪時，照明不足更使得氛圍更顯幽暗，有人甚至說「夜裡一個人走還好有帶手電筒，否則實在太陰森了」。

說到這個地點的歷史意義，這正是它存在的核心所在。紀念碑設立的目的，是為了緬懷白色恐怖時期政治受難者這段沉重的歷史。那個年代，對於批評政府或持不同政見者，往往被任意冠上顛覆政權的罪名加以整肅；情治機關在全國各地濫捕、濫殺、刑求，造成了大量的冤死與冤獄。根據轉型正義委員會的調查，蔣介石曾以最終審查權違法介入數千件政治案件；而蔣經國執政期間，美麗島事件裁判期間的林宅血案、陳文成事件、江南事件，也都是這段歷史的重要篇章。有外國訪客特別指出，相較於二二八事件，記錄白色恐怖的文獻似乎少了許多，這個紀念碑的存在因此顯得格外珍貴。

在情感層面，許多來訪者都感受到這個地方沉重而莊嚴的氛圍。外國旅客以「deeply important and solemn」來形容這個紀念碑，也有訪客在心中默默說出「願當年含冤而死的人都能安息」。不過，也有部分人覺得紀念碑的設置與周遭環境有些格格不入，顯得「突兀」。

在道德省思的層面，這段歷史引發了深刻的反思。威權統治時期對人民的非法迫害，至今仍讓許多訪客感到憤慨與不安。也有少數聲音提出更複雜的疑問——包括質疑責任歸屬究竟該如何釐清，以及立碑者的真實動機是否摻雜了政治利用的成分，認為「逝者死後才知道被『利用』了」。這些聲音雖然是少數，卻也反映了這段歷史在台灣社會中持續引發的複雜情緒。

就空間與場所價值而言，紀念碑選址在總統府對面，被許多訪客認為是刻意為之的設計語言——一位日本訪客便思索，這或許是為了讓掌權者時刻警惕，不再重蹈威權的覆轍。這裡也被視為一個安靜、值得深思的場所，適合作為歷史教育與反省的空間。然而，不少人也感嘆，政府「只管蓋不管永續經營」，讓這個理應重要的地方未能充分發揮其教育功能。

在政治面向上，這個紀念碑本身就是一個政治性的存在，自然引發不同立場的評價。有人注意到，政治人物對於二二八事件的關注，似乎遠多於白色恐怖；也有外國訪客指出，這座鮮為人知的紀念碑，距離那位被認為是白色恐怖主要責任者的紀念堂僅有兩個街區，令人感到諷刺。

最後值得一提的是，平日來到這裡的訪客並不算多，但仍有來自世界各地的外國旅客特地前來，並推薦將這裡與總統府一同列入參訪行程。也有訪客建議，應該進一步活化這個紀念碑區，讓更多人有機會在此沉澱、省思這段歷史。",,,,,,,,,,,,,,,,,,,,
台北,國立中正紀念堂,https://maps.app.goo.gl/wcHZwD7riRfXc6K7A,ChIJTamiuZ2pQjQRsmnfkkID6UM,2026-06-02 14:49,done,"歡迎來到國立中正紀念堂。這裡是台北市最具代表性的地標之一，每年吸引大量國內外遊客前來，許多人都說，來台灣若沒有造訪此地，就像少了一趟完整的旅程。

來訪者們對這裡的第一印象，幾乎都被建築的宏偉氣勢所震懾。白色大理石主體搭配深藍色琉璃屋頂，在晴空下形成強烈對比，許多遊客形容這樣的視覺衝擊「画像では伝わらないが圧巻」——照片根本無法傳達那種震撼。廣場開闊寬敞，與兩側的國家戲劇院、國家音樂廳共同構成一個壯闊的文化中心。整個園區免費開放參觀，交通便利，捷運出口幾乎直達，令不少外國遊客感到驚喜。每逢整點的衛兵交接儀式，更是幾乎所有訪客都會特別等待的亮點——那種精準劃一的步伐與操槍姿態，被許多人形容為莊嚴而震撼，是「a must-see」。不過也有遊客提醒，廣場缺乏遮蔭，夏季日照強烈，建議下午四點後再前往，較為涼爽舒適。另外，衛兵交接儀式目前已改在戶外廣場階梯前進行，有些曾多次造訪的遊客表示，少了室內迴廊的靴聲迴響，氛圍確實有所不同。

從歷史意義的角度來看，這裡是為紀念中華民國前總統蔣中正而興建的國家級建築。館內設有蔣中正的生平展覽，展示其文物、使用過的防彈凱迪拉克、勳章，以及辦公室的還原場景，讓許多遊客對這位複雜的歷史人物有了更具體的認識。更重要的是，展覽也完整呈現了台灣從威權走向民主的歷史進程，包括白色恐怖時期的政治案件、野百合學運，乃至言論自由的爭取歷程。有遊客特別讚賞常設展的策展方式，認為它「不諂媚或神格化這名獨裁者，反而從臺灣史乃至東亞史的高度來為這名歷史人物蓋棺論定」。

在情感體驗上，訪客們的感受十分豐富而多層次。許多人踏入廣場的瞬間，都感受到一種介於莊嚴與寧靜之間的特殊氛圍，有人說這裡是「城市中央的一段留白，把台北的節奏稍微拉慢了一點」。觀看衛兵交接時，不少人形容那近乎安靜的專注感令人肅然起敬。也有遊客是帶著複雜心情而來——「一個很乾淨，卻讓心情複雜的地方」，這句話或許也道出了不少人的內心感受。對許多台灣訪客來說，這裡更承載著童年記憶，長大後重遊，往往有截然不同的歷史體悟。

關於道德層面的省思，來到這裡的訪客之間確實存在相當分歧的看法。有人認為蔣中正是台灣發展不可或缺的歷史人物，對抗擊中共、保護台灣自由民主有其貢獻；也有人強烈質疑，在一個稱為「自由廣場」的地方供奉獨裁者銅像，本身就是一種「非常諷刺」的矛盾。有人主張應保留紀念堂，作為歷史警示而非崇拜對象；也有人認為，台灣根本不需要為獨裁者建造如此規模的紀念場所。更有遊客肯定現行展覽的做法，既批判威權歷史，又保留了宏大的建築，認為這體現了台灣務實而開放的態度。

在空間與場所價值方面，這裡的定位早已遠遠超出一座紀念建築的範疇。對台北市民來說，這是難得一見的城市公共綠地——在寸土寸金的都會中心，有這樣寬敞的廣場可以散步、運動、帶孩子放風、餵魚、觀鳥，甚至在夜間看舞蹈表演或練習，實屬珍貴。各類藝文特展、音樂節、集會遊行也在此舉辦，讓這個空間呈現出高度的多元性。許多人說，這裡早已形成一個「沉浸式文化生活圈」，從閱讀、飲食到藝術展演，一應俱全。

在政治觀點上，訪客們的評論最為多元，也最直接。圍繞這個場所的政治爭議從未平息——牌樓上「大中至正」改為「自由廣場」、衛兵駐守的取消與恢復、銅像的去留，每逢政黨輪替便再度成為社會討論的焦點。支持轉型正義的遊客認為「清除威權遺毒，是為了守護民主自由」；反對者則認為這不過是「政客狹隘心胸的顯露」。有韓國遊客提到，導覽員曾說這裡「可能因政治因素而成為即將消失的地標」，令他特地前來。也有訪客選擇跳脫立場，認為「撇除政治議題的話是個很壯觀的地點」，歷史建築應超越意識形態來看待。

最後，還有幾個特別之處值得一提。這裡的春季櫻花與冬季梅花是極受歡迎的賞花景點，吸引大批攝影愛好者。園區內有錦鯉魚池可餵魚、松鼠穿梭林間，生態相當豐富。紀念堂的89階正面階梯，象徵蔣中正享壽89歲，是許多遊客留下到訪照的熱門打卡點。此外，館內還設有穆斯林禱告室，體現了台灣對多元信仰的包容。每逢田中達也微縮模型展、多啦A夢展或魷魚遊戲快閃活動等特展，更會吸引各年齡層的訪客特地前來，讓這個充滿歷史重量的場所，也同時擁有了屬於當代生活的輕盈與活力。",,,,,,,,,,,,,,,,,,,,
桃園,慈湖紀念雕塑公園,https://maps.app.goo.gl/mT69NTvX5WW1SuN7A,ChIJt_9vDLEXaDQR-qsmPW84KEM,2026-06-02 14:49,done,"歡迎來到慈湖紀念雕塑公園。這裡坐落在桃園大溪的山水之間，是一個讓許多來訪者留下深刻印象、也往往帶走滿腔複雜心情的特別地方。

走進園區，許多遊客第一個感受就是環境本身的美。好山好水、野薑花的香氣隨風飄散，湖面映著倒影，拱橋與步道構成一幅清幽的山水畫。步道平坦好走，適合推娃娃車、輪椅，也適合闔家老小一起漫步，難怪許多人形容這裡是「桃園人的後花園」。園區免費入場，廁所也被不少訪客讚為附近景區裡最乾淨的，設施整體讓人放心。逢特定時節，傍晚過後還有水舞光雕秀，七彩燈光倒映水面，震撼視覺，讓人忍不住驚呼。憲兵整點交接的儀式，也常常讓訪客駐足觀看，感受那份端正威儀。美中不足的是，蚊蟲問題幾乎在各個季節都有遊客反映，尤其小黑蚊叮咬讓人困擾；夏天樹蔭不足、日曬強烈，也是不少人的共同抱怨。

這座公園最特別的地方，在於它的歷史脈絡。園區蒐集了全台各地被陸續拆除、移置的蔣介石銅像，從學校、政府機關、軍營到公共場所，解嚴之後隨著政治環境的轉變，這些銅像一座座被送來這裡集中安置。許多遊客注意到，每座銅像旁都附有說明牌，標示其來源，讓人得以追溯每尊銅像背後的歷史軌跡。更引人注目的是那座來自高雄文化中心的巨型銅像，當年因體積過大、必須切割才能運出，如今在此重新組合，以「傷痕與再生」為名展示，被視為台灣政治轉變的具體縮影。

來到這裡，情緒往往比想像中更複雜。許多遊客形容這裡寧靜、心曠神怡，是難得的放鬆場所。但也有不少人，面對數以百計密集排列的銅像，油然而生一股詭異甚至恐怖的感覺，「白天也陰森森的」是不只一位訪客留下的話。對年長的台灣人而言，這些銅像喚起了兒時在校看見蔣公像、立正敬禮的記憶，引發深沉的懷念與唏噓；也有人望著這些曾經威嚴無比的塑像如今密集聚攏於此，感到一種時代變遷的淒涼與感慨，覺得「一代偉人，竟落如此下場」。

道德評價上，來訪者的立場可謂涇渭分明。有部分訪客對蔣介石懷有深切的敬仰，認為他對台灣的經濟發展與保衛中華民國有不可磨滅的貢獻，「感謝蔣家父子對台灣的貢獻」這樣的聲音並不少見。但也有訪客直言批評他的獨裁威權與白色恐怖，認為他帶給許多人痛苦，不值得如此紀念，甚至稱此地為「殺人魔的紀念公園」。兩種聲音都真實存在於這片土地上。

在政治觀點上，來訪者的分歧同樣鮮明。支持蔣公者認為去蔣化是掩蓋歷史、不尊重先人，希望中華民國永遠長存；反對者則批評園區缺乏對白色恐怖與威權統治的批判反思，認為展示應該納入更多元的聲音，「一直重複講銅像哪裡來的，其實大可提及當初的法律規定，以及戒嚴時強迫的偶像崇拜」。也有部分訪客建議撇開政治因素，單純欣賞風景與藝術。不少人認為，銅像集中安置本身，已是去威權化過程中的一種務實轉型，至少讓這些象徵物得以妥善保存，免於被銷毀或持續引發破壞事件。

作為一個空間，這座公園承載了許多種不同的詮釋方式。有人視它為獨一無二的戶外雕塑美術館，有人把它當成散步放空的公共綠地，也有人認為它是後現代政治裝置藝術的展場——那種「把威權時代的造神象徵集中於一處」的超現實感，讓來自日本、歐洲的外國遊客也為之稱奇，有人用「weird, surreal, peaceful and terrifying」來形容這裡獨特的氣場。

值得一提的是，許多訪客發現，來這裡還有一種私人的樂趣：在密密麻麻的銅像群中，尋找自己母校或家鄉機構捐贈的那一座。這個小小的尋寶遊戲，讓歷史變得貼近而真實。秋冬時節，楓香、落羽松與台灣欒樹的紅葉為園區增添了別樣的美景，讓不少人說這裡是「秋天的好去處」。夜間水舞光雕秀則吸引了一批批專程傍晚前來的訪客，越夜越美麗，成為這座紀念公園最出人意料的亮點之一。",,,,,,,,,,,,,,,,,,,,
桃園,慈湖營區,https://maps.app.goo.gl/G9LGNmowZmvn7yVr8,ChIJ-Thwpa8XaDQRNURc_tM4KBY,2026-06-02 14:49,done,"歡迎來到慈湖營區，也就是先總統蔣中正的陵寢所在地。這裡是台灣桃園大溪著名的兩蔣文化園區，每年吸引來自世界各地的訪客前來參觀。

來到這裡的訪客，幾乎異口同聲地稱讚園區的自然環境。湖光山色、清幽靜謐，許多人說光是漫步在環湖步道上，望著湖面，心情便自然而然地沉靜下來。園區腹地廣闊，步道平緩易行，無障礙設施完善，不論推著娃娃車的父母、坐輪椅的長輩，還是行動不便的訪客，都能悠然遊逛。湖面上不時可見黑天鵝悠游，生態豐富，也讓不少遊客驚喜。停車場寬敞且收費低廉，入園免門票，更使這裡成為桃園地區熱門的家庭休閒目的地。

不過，許多遠道而來特意謁陵的訪客，往往在抵達後難掩失望——陵寢內部已長期無法開放參觀。這要從2018年一起潑漆事件說起：陵寢遭人潑上紅漆，此後便封閉中庭，訪客只能在十幾公尺外的門口遙望建築外觀，或透過電視螢幕看到內部空間的播放畫面。整點的三軍儀隊衛兵交接儀式，成了現場最重要的看點。身著軍服的憲兵動作整齊劃一、莊嚴肅穆，許多訪客看了都忍不住讚嘆，「看的過程真的很肅然起敬」，即便在烈日下大汗淋漓，衛兵們卻紋絲不動，令人印象深刻。此外，後慈湖因長年為軍事管制區，保留了完整的原始林相與自然生態，目前以預約制開放，並附有免費專業導覽員陪同解說，是另一個值得細品的角落。

在歷史意義上，訪客們普遍知道，蔣中正因這裡的景緻酷似其故鄉浙江奉化，為寄託對母親的思念而將此地命名為「慈湖」。1975年蔣中正辭世後，靈柩奉厝於此，至今仍未正式下葬，許多人認為這反映了他心懷回歸大陸故土的宿願。園區一側的銅像公園，集中展示了全台各地因去蔣化運動而被移除的蔣中正銅像，數量多達兩百餘座，形成台灣獨一無二的景觀。

每整點的衛兵交接儀式，似乎總能在訪客心中喚起某種情感共鳴。許多人感到莊嚴肅穆、油然而生一股敬意；老一輩訪客則常帶著懷念與緬懷，有人舊地重遊，感嘆「景色依舊、人事已非」；也有少數人來到此地，面對滿園的銅像，感到一種難以名狀的詭異不安，或是對現場的冷清感到落寞遺憾。曾是陸客絡繹不絕的熱鬧景點，如今遊客明顯減少，更添了幾分寂寥之感。

在道德省思的層面，訪客們的看法頗為分歧。不少人認為蔣中正是一代偉人，對台灣的十大建設、土地改革與抗日戰爭有不可磨滅的貢獻，「先總統蔣公，是民族偉人，應予崇敬」；也有部分人認為其功過應由歷史客觀評斷，不宜急於定論。另一方面，也有訪客直言蔣時代存在威權統治與白色恐怖，造成人權侵害，認為這段歷史不應被輕易遺忘，「應牢記社會公義和民主價值，歷史的鏡子應該用來正視過去」。

這種道德爭議也延伸至政治觀點上，使慈湖成為台灣社會高度敏感的場所。支持者視蔣中正為守護台灣免於共產統治的民族救星，肯定兩蔣時代奠定的經濟基礎；批評者則認為不應耗費大量公帑——據估計每年管理費用數千萬——維護一座爭議人物的陵寢，甚至有人主張應予以拆除。潑漆事件至今仍是各方立場的情緒引爆點：支持者痛斥此舉是破壞文化資產的宵小行徑；批評者則視陵寢的封閉與各地銅像的移置，為台灣民主化去威權過程的縮影。也有訪客注意到，那些被移置此地的銅像環成圓圈、臉面朝向中心，有人解讀此為台灣人對威權統治的無聲諷喻。

拋開政治爭議，這裡確實承載著多元的場所價值。它是一處結合自然生態與歷史文化的觀光景點，是認識兩蔣時代台灣歷史的教育場域，也是許多人童年校外教學的記憶所在。對不少外國訪客而言，「it combines beautiful Nature of Taiwan together with eclectic not always easy understandable history of Taiwan」，這正是慈湖難以簡單定義、卻值得細細探索的獨特之處。",,,,,,,,,,,,,,,,,,,,
高雄,原日本海軍鳳山無線電信所,https://maps.app.goo.gl/keeyUhpgPzXHoyFU6,ChIJE_JS4xAbbjQRWUeNwswtzbg,2026-06-02 14:50,done,"歡迎來到原日本海軍鳳山無線電信所。這座位於鳳山的百年國定古蹟，是許多訪客心目中最特別、也最沉重的歷史現場之一。

走進園區，許多遊客第一個驚嘆的，往往是這裡腹地的寬廣。偌大的草坪打理得相當整潔，磚造建築在陽光下呈現深紅與黑瓦交織的日式風貌，圓形開窗、厚實金屬門，一磚一瓦都透著工藝的細膩與穩固。來訪者普遍讚許這裡免費入場，接待人員也十分親切。不過，要提醒大家的是，許多建築內部至今仍相當昏暗，幾乎沒有燈光，地面偶有散落碎石，建議自備手電筒。小黑蚊的問題也幾乎是所有人的共同遭遇，防蚊液是來這裡的必備行頭。此外，園區目前正進行整修工程，部分區域暫停開放，建議出發前先確認最新動態，以免撲空。也有不少人遺憾地指出，現場缺乏足夠的導覽解說，對於不熟悉這段歷史的訪客，很可能走了一圈卻一知半解。

關於這個地方的歷史，可以說是整整三個時代的疊層。1919年完工的鳳山無線電信所，是日本海軍在全球三大無線電信基地之一，另外兩處分別在東京船橋與九州針尾。這裡負責監控南洋艦隊的通訊，見證了二戰期間日本海軍南進政策的推展。二戰結束後，國民政府接收台灣，這裡搖身一變成為「鳳山招待所」，表面上是款待賓客的地方，實際上卻是關押海軍政治犯的拘禁場所。1949年重慶艦叛逃事件後，上千名官兵在此受審，是台灣白色恐怖歷史中重要的遺址之一。1974年之後，這裡又轉型為「明德訓練班」，用來管束軍中頑劣份子。2010年，這座承載多重歷史的場所正式列為國定古蹟，被譽為「東亞最完整戰時電信所遺址」。

踏入這片空間，許多遊客都形容感受到一股難以言喻的肅殺之氣。「廢棄的建築感覺很陰森，尤其後面勒戒室與禁閉室的區域，陽光退去後，週遭空無一人，實在令我毛骨悚然。」這樣的描述相當常見。但也有很多人說，那份陰森並不讓人只想逃離，反而帶來一種思古的悠然，一種對歷史滄桑的慢慢感悟，「偌大的地方背後有很多的故事，想起會覺得哀傷悲涼」。還有不少訪客說，走著走著，會不由自主地珍惜起眼前民主自由的日常。

談到道德反思，這裡確實是一個讓人停下腳步沉思的地方。白色恐怖時期，被拘禁的海軍官兵被所方稱為「來賓」，禁閉空間依等級細分，手臂被強刻「誓死反共」刺青，成為那個年代最觸目驚心的印記。部分訪客也指出，這裡同時承載著日本帝國主義的殖民痕跡，至於應如何評價，各方看法不一。有人對日本當年的佔領強烈控訴，也有人選擇平靜地看待：「歷史不談論對錯，但是實際發生過的事情，是去瞭解認識，不是評論對錯。」還有日本遊客留言，對台灣選擇保存並公開這段歷史表示由衷欽佩。

在空間價值上，訪客們的感受相當多元。許多人認為這裡是難得的公共休閒空間，草坪寬闊，適合散步、親子活動，甚至帶小孩練習騎腳踏車。同時，它也是高雄赫赫有名的攝影秘境，廢墟風格的建築吸引了無數網美、文青、Cosplay愛好者，甚至有新人前來拍婚紗。不少人希望它未來能進一步活化，發展成類似駁二的文創園區；也有人反倒擔心過度整修會破壞那份原始的廢墟感。

政治面向上，對政府整修工程一再延宕的不滿，是不少訪客的共同心聲，「又延宕了，完全沒有要完工的跡象」，也有人批評資訊更新不夠即時，讓遠道而來的訪客吃了閉門羹。另外，也有少數人各自從日本統治與國民黨威權統治的角度，對這段歷史提出批判與反思，立場不盡相同，但歷史的重量卻是每個人共同感受到的。

值得一提的是，這裡還吸引了來自日本、韓國、法國、印尼等地的國際訪客，各自帶著不同的眼光來解讀這片土地。園區內的芒果樹也是一個意外的彩蛋，每到四月前後，地上滿是落果，讓人莞爾。靈異傳說與試膽的軼聞也在訪客之間流傳，為這個原本已經夠神秘的地方，再添了幾分特殊的氛圍。",,,,,,,,,,,,,,,,,,,,
台東,綠洲山莊,https://maps.app.goo.gl/La5dUtRaGSsFB4MY8,ChIJH2hT_ZGNbzQRTfOdrVXcvfQ,2026-06-02 14:50,done,"歡迎來到綠洲山莊。這裡是許多來訪者公認，來到綠島必定要造訪的一處地方。

走進這片園區，訪客們會發現設施相當完整，涵蓋了綠洲山莊本體、八卦樓、蠟像館等多個展示區域，值得花上兩三個小時慢慢參觀。最令許多遊客印象深刻的，是這裡提供免費的導覽服務。不少人特別提到，導覽員講解得非常細緻、認真，「導覽超級認真！導覽員是真的熱愛她的工作，很細緻地給我們講解了歷史」，這樣的用心讓人由衷感謝。園區內也備有影像紀錄片與當時的建築模型，透過採訪當事人的第一手影像，讓訪客能更立體地還原當年的生活狀態。唯一讓部分訪客略感不適的，是室內環境較為悶熱，通風稍嫌不足。

說到這裡的歷史，綠洲山莊是台灣白色恐怖時期關押政治犯的場所。1972年，國防部趕建了這座高牆式監獄，正式稱為「國防部綠島感訓監獄」。許多來訪者光是站在四周高牆之外，便已能感受到當年那股戒備森嚴的氣息。更令人沉重的是，這兩處獨立空間曾是政治犯遭到刑求逼供的場所，「有著多起聞名遐耳的非人道駭人聞聞事件」。來訪者普遍認為，這裡是了解台灣歷史不可錯過的重要景點，也富有深刻的教育意義。

踏入園區，許多訪客坦言情緒受到強烈衝擊。有人說「令人不寒而慄」，有人在聽導覽時幾乎落淚；其中最令人心碎的角落，據說是那間小小的會客室——「看是小小一室卻是獄所內最具溫度也是最令人心碎的空間」。也有訪客感嘆，「這裡承載了很多歷史回憶跟文化，我有很多感觸」，那種複雜而深沉的情緒，是在這裡才能真切感受到的。

在道德層面，來訪者無不對這段人權遭受嚴重侵害的歷史感到沉痛。他們說，身處其中，「可以想見當年肅殺氣氛，以及人權受侵害之慘烈」，非人道的對待方式讓人難以想像。

如今，綠洲山莊已從一座令人恐懼的監獄，轉變為兼具歷史文化傳承的觀光紀念景點。來訪者普遍認為，這裡是進行人權教育的重要場所，值得每一位到訪綠島的旅人前來認識這段歷史。此外，也有訪客提到，園區附近景觀優美，可以清楚眺望牛頭山的側面輪廓，對面就是白色恐怖綠島紀念公園，旁邊也有象鼻岩的拍照景點，建議一併安排參訪。

值得一提的是，有訪客特別表示支持這裡培訓綠島當地人擔任導覽員的做法，認為這不僅是在地就業的好機會，也讓歷史的傳述更具溫度與在地連結。",,,,,,,,,,,,,,,,,,,,
台北,鄭南榕基金會．紀念館,https://maps.app.goo.gl/3Vg6SSFUycHu3sKu5,ChIJUxRq3-SrQjQRFeaAHjg9bSs,2026-06-02 14:50,done,"歡迎來到鄭南榕基金會紀念館。這裡是許多來訪者口中「台灣人必修的歷史課」，一個隱身於公寓三樓、卻承載著無比厚重記憶的地方。

來到這裡的訪客，首先會注意到這個空間雖然不大，卻布置得精緻而有意義。許多人提到，導覽人員的親切與熱忱讓人印象深刻——「導覽人員很親切，對台灣本土很有熱忱」，是不少訪客共同的感受。導覽流程通常從一段紀錄片開始，讓訪客先沉浸在歷史的脈絡中，再由解說人員帶領參觀，深化整體體驗。紀念館免費入場，但因位置較為隱密、入口不甚明顯，建議事先預約，以免撲空。

說起這裡的歷史意義，許多訪客都深刻感受到，鄭南榕是台灣爭取言論自由最重要的象徵之一。他在戒嚴時期公開推動二二八和平促進會，大聲主張台灣獨立，並創辦《自由時代》雜誌——展覽中還能看到當年為躲避查禁而衍生出的各種版本刊物。紀念館最震撼人心之處，在於完整保留了當年的殉難現場，讓歷史不只是文字，而是真實存在於眼前的痕跡。不少訪客也感嘆，這些故事在課本裡幾乎付之闕如，「課本上遺漏太多，而他們的故事說得太少」。

走過這個空間，幾乎所有訪客都難掩情緒。「每次去都會哭得很傷心」，這樣的心情並不少見。看到自焚現場的遺跡，許多人形容那種感受是「怵目驚心」；播放紀錄片的過程中，也有不少人悄悄紅了眼眶。對鄭南榕的勇氣與犧牲，訪客們幾乎一致感到深深的敬佩——「超令人動容的，不簡單的勇士」。而在震撼之外，更多人帶走的是對現有自由的珍惜與感恩。

在道德省思的層面，許多訪客認為，鄭南榕以生命換取言論自由的行動令人由衷敬佩，「為了爭取百分之百的言論自由而採取實際行動，這真的很讓人敬佩感動」。更普遍的共鳴是：民主與自由從來不是理所當然，而是前人用血與淚所築成的。也有部分訪客對當時政府箝制言論、連思想都不得自由的那個年代感到憤慨。少數訪客則進一步提出，台灣的轉型正義仍需被更深入地理解與面對，在此之前，沒有人能輕易說出「放下對立與仇恨」這樣的話。

就空間與場所的價值而言，這裡被許多訪客視為台灣民主化歷史的重要見證地，也是公民教育最真實的課堂。「推薦台灣人必修的歷史課」、「非常適合當作公民教室」，是許多人參訪後留下的心聲。原址保存的殉難現場，賦予這個地方無可取代的歷史見證力量，也讓不少人稱它為「可以定期去清洗靈魂的地方」。鄭南榕基金會長期用心經營與維護此地，也讓訪客們感到由衷感謝。

在政治觀點上，訪客們的聲音相當多元。許多人肯定鄭南榕是台灣獨立運動的先驅，認為他推動言論自由、主張台灣建國，為後世埋下了深遠的種籽；也有人強調，4月7日作為言論自由日應當被社會銘記。另一方面，也有少數訪客對現實政治感到失望，認為如今舉著民主旗幟的政治人物，未必真正實踐了鄭南榕的理想——「南榕老哥要是知道現在舉著民主大旗的人實際上幹的是什麼事，應該會氣到彈起來。」這些不同的聲音，同樣真實地存在於這個紀念空間所引發的思索之中。

值得一提的是，這裡也吸引了來自日本、韓國等地的海外訪客。一位日本訪客寫道，透過參訪海外的歷史，才真正感受到自由環境是多麼珍貴。一位韓國訪客則將鄭南榕與韓國1980年代民主化運動中的烈士相比較，感受到跨越國界的共鳴。紀念館也定期舉辦講座與特展，適合各年齡層的訪客參加。這裡，不只是一個地點，更是一段不應被遺忘的歷史，持續向每一位走進來的人說話。",,,,,,,,,,,,,,,,,,,,
台北,陳文成事件紀念碑,https://maps.app.goo.gl/AnhJpkhyTUk7XZDUA,ChIJv3pbHieqQjQR9j8BRgmBRQg,2026-06-02 16:28,done,"各位來到的是位於台灣大學校園內的「陳文成事件紀念碑」。

這座紀念廣場座落在校園最繁忙的餐廳旁的安靜角落，空間氛圍特殊，建築設計也頗具巧思——據說過去甚至有樂團在此演出。不過，來訪的遊客中有不少人提到一個小遺憾：廣場內的說明文字相當有限，若是不熟悉這段歷史的人走進來，很可能只覺得這是某件裝置藝術，難以感受到背後深沉的意涵。正如某位訪客所說：「好像都沒什麼說明文字有點可惜，除了那一段話外，不知道這段歷史的人應該只會覺得這是什麼裝置藝術而已。」值得一提的是，這裡的說明牌本身也曾歷經波折——最初寫上「紀念一位堅決抵抗國家暴力的勇者」的文字，後來竟遭到拆除，這段小插曲本身，似乎也成了這段歷史的一部分。

說到這個地點的歷史意義，許多訪客都提到，陳文成事件與林宅血案、江南案，並稱為臺灣戒嚴末期震驚海內外的「三大政治血案」。陳文成教授當時任職於美國卡內基美隆大學統計學系，返台探親期間，因曾捐款支持《美麗島》雜誌，遭警備總部約談，隨後被發現陳屍於台大研究生圖書館旁。更令人沉重的是，這件事在法律上至今仍未獲平反，相關調查文件依然屬於國家機密。這座紀念碑從2011年提出申請，歷經台大校務會議多年審議，遲至2021年才正式啟用，漫長的等待本身，也令許多人唏噓。

在情感層面，來訪者普遍帶著深深的緬懷之情。有人說這裡讓他們感受到「記憶的力量」，也有人在此體會到「覺悟，是在黑暗中開出前進的道路」。就連不少外國訪客，在讀過入口處的簡介之後，也對陳文成的故事留下了深刻印象。

在道德省思上，部分訪客視陳文成為抵抗國家暴力的勇者，也有人呼籲，無論政治立場為何，都不應忘記那些「真正愛土愛民主的先烈」。這個空間靜靜地提醒著人們，民主與自由並非憑空而來。

作為一處轉型正義的象徵，這座紀念碑在台大校園裡承擔著歷史教育的角色，是許多人心中不可或缺的記憶場所。

在政治觀點上，訪客的留言相當多元。有人將此地視為「時代的警告，提醒民主與自由的代價」；也有人具體呼籲政府應解密特種調查室與電監處的相關資料，讓事件真相得以還原。此外，也有少數訪客留下了對中華民國政府乃至中共政權強烈的情緒性表態，顯示這個地點至今仍牽動著部分人的政治神經。",,,,,,,,,,,,,,,,,,,,
,,,,,,,,,,,,,,,,,,,,,,,,,,
,,,,,,,,,,,,,,,,,,,,,,,,,,
,,,,,,,,,,,,,,,,,,,,,,,,,,
,,,,,,,,,,,,,,,,,,,,,,,,,,
,,,,,,,,,,,,,,,,,,,,,,,,,,
,,,,,,,,,,,,,,,,,,,,,,,,,,
,,,,,,,,,,,,,,,,,,,,,,,,,,
,,,,,,,,,,,,,,,,,,,,,,,,,,
,,,,,,,,,,,,,,,,,,,,,,,,,,
,,,,,,,,,,,,,,,,,,,,,,,,,,
,,,,,,,,,,,,,,,,,,,,,,,,,,
,,,,,,,,,,,,,,,,,,,,,,,,,,
,,,,,,,,,,,,,,,,,,,,,,,,,,
,,,,,,,,,,,,,,,,,,,,,,,,,,
,,,,,,,,,,,,,,,,,,,,,,,,,,
,,,,,,,,,,,,,,,,,,,,,,,,,,
,,,,,,,,,,,,,,,,,,,,,,,,,,
,,,,,,,,,,,,,,,,,,,,,,,,,,
,,,,,,,,,,,,,,,,,,,,,,,,,,
,,,,,,,,,,,,,,,,,,,,,,,,,,
,,,,,,,,,,,,,,,,,,,,,,,,,,
,,,,,,,,,,,,,,,,,,,,,,,,,,
,,,,,,,,,,,,,,,,,,,,,,,,,,
,,,,,,,,,,,,,,,,,,,,,,,,,,
,,,,,,,,,,,,,,,,,,,,,,,,,,
,,,,,,,,,,,,,,,,,,,,,,,,,,
,,,,,,,,,,,,,,,,,,,,,,,,,,
,,,,,,,,,,,,,,,,,,,,,,,,,,
,,,,,,,,,,,,,,,,,,,,,,,,,,
,,,,,,,,,,,,,,,,,,,,,,,,,,
,,,,,,,,,,,,,,,,,,,,,,,,,,
,,,,,,,,,,,,,,,,,,,,,,,,,,
,,,,,,,,,,,,,,,,,,,,,,,,,,
,,,,,,,,,,,,,,,,,,,,,,,,,,
,,,,,,,,,,,,,,,,,,,,,,,,,,
,,,,,,,,,,,,,,,,,,,,,,,,,,
,,,,,,,,,,,,,,,,,,,,,,,,,,
,,,,,,,,,,,,,,,,,,,,,,,,,,
,,,,,,,,,,,,,,,,,,,,,,,,,,
,,,,,,,,,,,,,,,,,,,,,,,,,,
,,,,,,,,,,,,,,,,,,,,,,,,,,
,,,,,,,,,,,,,,,,,,,,,,,,,,
,,,,,,,,,,,,,,,,,,,,,,,,,,
,,,,,,,,,,,,,,,,,,,,,,,,,,
,,,,,,,,,,,,,,,,,,,,,,,,,,
,,,,,,,,,,,,,,,,,,,,,,,,,,
,,,,,,,,,,,,,,,,,,,,,,,,,,
,,,,,,,,,,,,,,,,,,,,,,,,,,
,,,,,,,,,,,,,,,,,,,,,,,,,,
,,,,,,,,,,,,,,,,,,,,,,,,,,
,,,,,,,,,,,,,,,,,,,,,,,,,,
,,,,,,,,,,,,,,,,,,,,,,,,,,
,,,,,,,,,,,,,,,,,,,,,,,,,,
,,,,,,,,,,,,,,,,,,,,,,,,,,
,,,,,,,,,,,,,,,,,,,,,,,,,,
,,,,,,,,,,,,,,,,,,,,,,,,,,
,,,,,,,,,,,,,,,,,,,,,,,,,,
,,,,,,,,,,,,,,,,,,,,,,,,,,
,,,,,,,,,,,,,,,,,,,,,,,,,,
,,,,,,,,,,,,,,,,,,,,,,,,,,
,,,,,,,,,,,,,,,,,,,,,,,,,,
,,,,,,,,,,,,,,,,,,,,,,,,,,
,,,,,,,,,,,,,,,,,,,,,,,,,,
,,,,,,,,,,,,,,,,,,,,,,,,,,
,,,,,,,,,,,,,,,,,,,,,,,,,,
,,,,,,,,,,,,,,,,,,,,,,,,,,
,,,,,,,,,,,,,,,,,,,,,,,,,,
,,,,,,,,,,,,,,,,,,,,,,,,,,
,,,,,,,,,,,,,,,,,,,,,,,,,,
,,,,,,,,,,,,,,,,,,,,,,,,,,
,,,,,,,,,,,,,,,,,,,,,,,,,,
,,,,,,,,,,,,,,,,,,,,,,,,,,
,,,,,,,,,,,,,,,,,,,,,,,,,,
,,,,,,,,,,,,,,,,,,,,,,,,,,
,,,,,,,,,,,,,,,,,,,,,,,,,,
,,,,,,,,,,,,,,,,,,,,,,,,,,
,,,,,,,,,,,,,,,,,,,,,,,,,,
,,,,,,,,,,,,,,,,,,,,,,,,,,
,,,,,,,,,,,,,,,,,,,,,,,,,,
,,,,,,,,,,,,,,,,,,,,,,,,,,
,,,,,,,,,,,,,,,,,,,,,,,,,,
,,,,,,,,,,,,,,,,,,,,,,,,,,
,,,,,,,,,,,,,,,,,,,,,,,,,,
,,,,,,,,,,,,,,,,,,,,,,,,,,
,,,,,,,,,,,,,,,,,,,,,,,,,,
,,,,,,,,,,,,,,,,,,,,,,,,,,
,,,,,,,,,,,,,,,,,,,,,,,,,,
,,,,,,,,,,,,,,,,,,,,,,,,,,
,,,,,,,,,,,,,,,,,,,,,,,,,,
,,,,,,,,,,,,,,,,,,,,,,,,,,
,,,,,,,,,,,,,,,,,,,,,,,,,,
,,,,,,,,,,,,,,,,,,,,,,,,,,
,,,,,,,,,,,,,,,,,,,,,,,,,,
,,,,,,,,,,,,,,,,,,,,,,,,,,
,,,,,,,,,,,,,,,,,,,,,,,,,,
,,,,,,,,,,,,,,,,,,,,,,,,,,
,,,,,,,,,,,,,,,,,,,,,,,,,,
,,,,,,,,,,,,,,,,,,,,,,,,,,
,,,,,,,,,,,,,,,,,,,,,,,,,,
,,,,,,,,,,,,,,,,,,,,,,,,,,
,,,,,,,,,,,,,,,,,,,,,,,,,,
,,,,,,,,,,,,,,,,,,,,,,,,,,
,,,,,,,,,,,,,,,,,,,,,,,,,,
,,,,,,,,,,,,,,,,,,,,,,,,,,
,,,,,,,,,,,,,,,,,,,,,,,,,,
,,,,,,,,,,,,,,,,,,,,,,,,,,
,,,,,,,,,,,,,,,,,,,,,,,,,,
,,,,,,,,,,,,,,,,,,,,,,,,,,
,,,,,,,,,,,,,,,,,,,,,,,,,,
,,,,,,,,,,,,,,,,,,,,,,,,,,
,,,,,,,,,,,,,,,,,,,,,,,,,,
,,,,,,,,,,,,,,,,,,,,,,,,,,
,,,,,,,,,,,,,,,,,,,,,,,,,,
,,,,,,,,,,,,,,,,,,,,,,,,,,
,,,,,,,,,,,,,,,,,,,,,,,,,,
,,,,,,,,,,,,,,,,,,,,,,,,,,
,,,,,,,,,,,,,,,,,,,,,,,,,,
,,,,,,,,,,,,,,,,,,,,,,,,,,
,,,,,,,,,,,,,,,,,,,,,,,,,,
,,,,,,,,,,,,,,,,,,,,,,,,,,
,,,,,,,,,,,,,,,,,,,,,,,,,,
,,,,,,,,,,,,,,,,,,,,,,,,,,
,,,,,,,,,,,,,,,,,,,,,,,,,,
,,,,,,,,,,,,,,,,,,,,,,,,,,
,,,,,,,,,,,,,,,,,,,,,,,,,,
,,,,,,,,,,,,,,,,,,,,,,,,,,
,,,,,,,,,,,,,,,,,,,,,,,,,,
,,,,,,,,,,,,,,,,,,,,,,,,,,
,,,,,,,,,,,,,,,,,,,,,,,,,,
,,,,,,,,,,,,,,,,,,,,,,,,,,
,,,,,,,,,,,,,,,,,,,,,,,,,,
,,,,,,,,,,,,,,,,,,,,,,,,,,
,,,,,,,,,,,,,,,,,,,,,,,,,,
,,,,,,,,,,,,,,,,,,,,,,,,,,
,,,,,,,,,,,,,,,,,,,,,,,,,,
,,,,,,,,,,,,,,,,,,,,,,,,,,
,,,,,,,,,,,,,,,,,,,,,,,,,,
,,,,,,,,,,,,,,,,,,,,,,,,,,
,,,,,,,,,,,,,,,,,,,,,,,,,,
,,,,,,,,,,,,,,,,,,,,,,,,,,
,,,,,,,,,,,,,,,,,,,,,,,,,,
,,,,,,,,,,,,,,,,,,,,,,,,,,
,,,,,,,,,,,,,,,,,,,,,,,,,,
,,,,,,,,,,,,,,,,,,,,,,,,,,
,,,,,,,,,,,,,,,,,,,,,,,,,,
,,,,,,,,,,,,,,,,,,,,,,,,,,
,,,,,,,,,,,,,,,,,,,,,,,,,,
,,,,,,,,,,,,,,,,,,,,,,,,,,
,,,,,,,,,,,,,,,,,,,,,,,,,,
,,,,,,,,,,,,,,,,,,,,,,,,,,
,,,,,,,,,,,,,,,,,,,,,,,,,,
,,,,,,,,,,,,,,,,,,,,,,,,,,
,,,,,,,,,,,,,,,,,,,,,,,,,,
,,,,,,,,,,,,,,,,,,,,,,,,,,
,,,,,,,,,,,,,,,,,,,,,,,,,,
,,,,,,,,,,,,,,,,,,,,,,,,,,
,,,,,,,,,,,,,,,,,,,,,,,,,,
,,,,,,,,,,,,,,,,,,,,,,,,,,
,,,,,,,,,,,,,,,,,,,,,,,,,,
,,,,,,,,,,,,,,,,,,,,,,,,,,
,,,,,,,,,,,,,,,,,,,,,,,,,,
,,,,,,,,,,,,,,,,,,,,,,,,,,
,,,,,,,,,,,,,,,,,,,,,,,,,,
,,,,,,,,,,,,,,,,,,,,,,,,,,
,,,,,,,,,,,,,,,,,,,,,,,,,,
,,,,,,,,,,,,,,,,,,,,,,,,,,
,,,,,,,,,,,,,,,,,,,,,,,,,,
,,,,,,,,,,,,,,,,,,,,,,,,,,
,,,,,,,,,,,,,,,,,,,,,,,,,,
,,,,,,,,,,,,,,,,,,,,,,,,,,
,,,,,,,,,,,,,,,,,,,,,,,,,,
,,,,,,,,,,,,,,,,,,,,,,,,,,
,,,,,,,,,,,,,,,,,,,,,,,,,,
,,,,,,,,,,,,,,,,,,,,,,,,,,
,,,,,,,,,,,,,,,,,,,,,,,,,,
,,,,,,,,,,,,,,,,,,,,,,,,,,
,,,,,,,,,,,,,,,,,,,,,,,,,,
,,,,,,,,,,,,,,,,,,,,,,,,,,
,,,,,,,,,,,,,,,,,,,,,,,,,,
,,,,,,,,,,,,,,,,,,,,,,,,,,
,,,,,,,,,,,,,,,,,,,,,,,,,,
,,,,,,,,,,,,,,,,,,,,,,,,,,
,,,,,,,,,,,,,,,,,,,,,,,,,,
,,,,,,,,,,,,,,,,,,,,,,,,,,
,,,,,,,,,,,,,,,,,,,,,,,,,,
,,,,,,,,,,,,,,,,,,,,,,,,,,
,,,,,,,,,,,,,,,,,,,,,,,,,,
,,,,,,,,,,,,,,,,,,,,,,,,,,
,,,,,,,,,,,,,,,,,,,,,,,,,,
,,,,,,,,,,,,,,,,,,,,,,,,,,
,,,,,,,,,,,,,,,,,,,,,,,,,,
,,,,,,,,,,,,,,,,,,,,,,,,,,
,,,,,,,,,,,,,,,,,,,,,,,,,,
,,,,,,,,,,,,,,,,,,,,,,,,,,
,,,,,,,,,,,,,,,,,,,,,,,,,,
,,,,,,,,,,,,,,,,,,,,,,,,,,
,,,,,,,,,,,,,,,,,,,,,,,,,,
,,,,,,,,,,,,,,,,,,,,,,,,,,
,,,,,,,,,,,,,,,,,,,,,,,,,,
,,,,,,,,,,,,,,,,,,,,,,,,,,
,,,,,,,,,,,,,,,,,,,,,,,,,,
,,,,,,,,,,,,,,,,,,,,,,,,,,
,,,,,,,,,,,,,,,,,,,,,,,,,,
,,,,,,,,,,,,,,,,,,,,,,,,,,
,,,,,,,,,,,,,,,,,,,,,,,,,,
,,,,,,,,,,,,,,,,,,,,,,,,,,
,,,,,,,,,,,,,,,,,,,,,,,,,,
,,,,,,,,,,,,,,,,,,,,,,,,,,
,,,,,,,,,,,,,,,,,,,,,,,,,,
,,,,,,,,,,,,,,,,,,,,,,,,,,
,,,,,,,,,,,,,,,,,,,,,,,,,,
,,,,,,,,,,,,,,,,,,,,,,,,,,
,,,,,,,,,,,,,,,,,,,,,,,,,,
,,,,,,,,,,,,,,,,,,,,,,,,,,
,,,,,,,,,,,,,,,,,,,,,,,,,,
,,,,,,,,,,,,,,,,,,,,,,,,,,
,,,,,,,,,,,,,,,,,,,,,,,,,,
,,,,,,,,,,,,,,,,,,,,,,,,,,
,,,,,,,,,,,,,,,,,,,,,,,,,,
,,,,,,,,,,,,,,,,,,,,,,,,,,
,,,,,,,,,,,,,,,,,,,,,,,,,,
,,,,,,,,,,,,,,,,,,,,,,,,,,
,,,,,,,,,,,,,,,,,,,,,,,,,,
,,,,,,,,,,,,,,,,,,,,,,,,,,
,,,,,,,,,,,,,,,,,,,,,,,,,,
,,,,,,,,,,,,,,,,,,,,,,,,,,
,,,,,,,,,,,,,,,,,,,,,,,,,,
,,,,,,,,,,,,,,,,,,,,,,,,,,
,,,,,,,,,,,,,,,,,,,,,,,,,,
,,,,,,,,,,,,,,,,,,,,,,,,,,
,,,,,,,,,,,,,,,,,,,,,,,,,,
,,,,,,,,,,,,,,,,,,,,,,,,,,
,,,,,,,,,,,,,,,,,,,,,,,,,,
,,,,,,,,,,,,,,,,,,,,,,,,,,
,,,,,,,,,,,,,,,,,,,,,,,,,,
,,,,,,,,,,,,,,,,,,,,,,,,,,
,,,,,,,,,,,,,,,,,,,,,,,,,,
,,,,,,,,,,,,,,,,,,,,,,,,,,
,,,,,,,,,,,,,,,,,,,,,,,,,,
,,,,,,,,,,,,,,,,,,,,,,,,,,
,,,,,,,,,,,,,,,,,,,,,,,,,,
,,,,,,,,,,,,,,,,,,,,,,,,,,
,,,,,,,,,,,,,,,,,,,,,,,,,,
,,,,,,,,,,,,,,,,,,,,,,,,,,
,,,,,,,,,,,,,,,,,,,,,,,,,,
,,,,,,,,,,,,,,,,,,,,,,,,,,
,,,,,,,,,,,,,,,,,,,,,,,,,,
,,,,,,,,,,,,,,,,,,,,,,,,,,
,,,,,,,,,,,,,,,,,,,,,,,,,,
,,,,,,,,,,,,,,,,,,,,,,,,,,
,,,,,,,,,,,,,,,,,,,,,,,,,,
,,,,,,,,,,,,,,,,,,,,,,,,,,
,,,,,,,,,,,,,,,,,,,,,,,,,,
,,,,,,,,,,,,,,,,,,,,,,,,,,
,,,,,,,,,,,,,,,,,,,,,,,,,,
,,,,,,,,,,,,,,,,,,,,,,,,,,
,,,,,,,,,,,,,,,,,,,,,,,,,,
,,,,,,,,,,,,,,,,,,,,,,,,,,
,,,,,,,,,,,,,,,,,,,,,,,,,,
,,,,,,,,,,,,,,,,,,,,,,,,,,
,,,,,,,,,,,,,,,,,,,,,,,,,,
,,,,,,,,,,,,,,,,,,,,,,,,,,
,,,,,,,,,,,,,,,,,,,,,,,,,,
,,,,,,,,,,,,,,,,,,,,,,,,,,
,,,,,,,,,,,,,,,,,,,,,,,,,,
,,,,,,,,,,,,,,,,,,,,,,,,,,
,,,,,,,,,,,,,,,,,,,,,,,,,,
,,,,,,,,,,,,,,,,,,,,,,,,,,
,,,,,,,,,,,,,,,,,,,,,,,,,,
,,,,,,,,,,,,,,,,,,,,,,,,,,
,,,,,,,,,,,,,,,,,,,,,,,,,,
,,,,,,,,,,,,,,,,,,,,,,,,,,
,,,,,,,,,,,,,,,,,,,,,,,,,,
,,,,,,,,,,,,,,,,,,,,,,,,,,
,,,,,,,,,,,,,,,,,,,,,,,,,,
,,,,,,,,,,,,,,,,,,,,,,,,,,
,,,,,,,,,,,,,,,,,,,,,,,,,,
,,,,,,,,,,,,,,,,,,,,,,,,,,
,,,,,,,,,,,,,,,,,,,,,,,,,,
,,,,,,,,,,,,,,,,,,,,,,,,,,
,,,,,,,,,,,,,,,,,,,,,,,,,,
,,,,,,,,,,,,,,,,,,,,,,,,,,
,,,,,,,,,,,,,,,,,,,,,,,,,,
,,,,,,,,,,,,,,,,,,,,,,,,,,
,,,,,,,,,,,,,,,,,,,,,,,,,,
,,,,,,,,,,,,,,,,,,,,,,,,,,
,,,,,,,,,,,,,,,,,,,,,,,,,,
,,,,,,,,,,,,,,,,,,,,,,,,,,
,,,,,,,,,,,,,,,,,,,,,,,,,,
,,,,,,,,,,,,,,,,,,,,,,,,,,
,,,,,,,,,,,,,,,,,,,,,,,,,,
,,,,,,,,,,,,,,,,,,,,,,,,,,
,,,,,,,,,,,,,,,,,,,,,,,,,,
,,,,,,,,,,,,,,,,,,,,,,,,,,
,,,,,,,,,,,,,,,,,,,,,,,,,,
,,,,,,,,,,,,,,,,,,,,,,,,,,
,,,,,,,,,,,,,,,,,,,,,,,,,,
,,,,,,,,,,,,,,,,,,,,,,,,,,
,,,,,,,,,,,,,,,,,,,,,,,,,,
,,,,,,,,,,,,,,,,,,,,,,,,,,
,,,,,,,,,,,,,,,,,,,,,,,,,,
,,,,,,,,,,,,,,,,,,,,,,,,,,
,,,,,,,,,,,,,,,,,,,,,,,,,,
,,,,,,,,,,,,,,,,,,,,,,,,,,
,,,,,,,,,,,,,,,,,,,,,,,,,,
,,,,,,,,,,,,,,,,,,,,,,,,,,
,,,,,,,,,,,,,,,,,,,,,,,,,,
,,,,,,,,,,,,,,,,,,,,,,,,,,
,,,,,,,,,,,,,,,,,,,,,,,,,,
,,,,,,,,,,,,,,,,,,,,,,,,,,
,,,,,,,,,,,,,,,,,,,,,,,,,,
,,,,,,,,,,,,,,,,,,,,,,,,,,
,,,,,,,,,,,,,,,,,,,,,,,,,,
,,,,,,,,,,,,,,,,,,,,,,,,,,
,,,,,,,,,,,,,,,,,,,,,,,,,,
,,,,,,,,,,,,,,,,,,,,,,,,,,
,,,,,,,,,,,,,,,,,,,,,,,,,,
,,,,,,,,,,,,,,,,,,,,,,,,,,
,,,,,,,,,,,,,,,,,,,,,,,,,,
,,,,,,,,,,,,,,,,,,,,,,,,,,
,,,,,,,,,,,,,,,,,,,,,,,,,,
,,,,,,,,,,,,,,,,,,,,,,,,,,
,,,,,,,,,,,,,,,,,,,,,,,,,,
,,,,,,,,,,,,,,,,,,,,,,,,,,
,,,,,,,,,,,,,,,,,,,,,,,,,,
,,,,,,,,,,,,,,,,,,,,,,,,,,
,,,,,,,,,,,,,,,,,,,,,,,,,,
,,,,,,,,,,,,,,,,,,,,,,,,,,
,,,,,,,,,,,,,,,,,,,,,,,,,,
,,,,,,,,,,,,,,,,,,,,,,,,,,
,,,,,,,,,,,,,,,,,,,,,,,,,,
,,,,,,,,,,,,,,,,,,,,,,,,,,
,,,,,,,,,,,,,,,,,,,,,,,,,,
,,,,,,,,,,,,,,,,,,,,,,,,,,
,,,,,,,,,,,,,,,,,,,,,,,,,,
,,,,,,,,,,,,,,,,,,,,,,,,,,
,,,,,,,,,,,,,,,,,,,,,,,,,,
,,,,,,,,,,,,,,,,,,,,,,,,,,
,,,,,,,,,,,,,,,,,,,,,,,,,,
,,,,,,,,,,,,,,,,,,,,,,,,,,
,,,,,,,,,,,,,,,,,,,,,,,,,,
,,,,,,,,,,,,,,,,,,,,,,,,,,
,,,,,,,,,,,,,,,,,,,,,,,,,,
,,,,,,,,,,,,,,,,,,,,,,,,,,
,,,,,,,,,,,,,,,,,,,,,,,,,,
,,,,,,,,,,,,,,,,,,,,,,,,,,
,,,,,,,,,,,,,,,,,,,,,,,,,,
,,,,,,,,,,,,,,,,,,,,,,,,,,
,,,,,,,,,,,,,,,,,,,,,,,,,,
,,,,,,,,,,,,,,,,,,,,,,,,,,
,,,,,,,,,,,,,,,,,,,,,,,,,,
,,,,,,,,,,,,,,,,,,,,,,,,,,
,,,,,,,,,,,,,,,,,,,,,,,,,,
,,,,,,,,,,,,,,,,,,,,,,,,,,
,,,,,,,,,,,,,,,,,,,,,,,,,,
,,,,,,,,,,,,,,,,,,,,,,,,,,
,,,,,,,,,,,,,,,,,,,,,,,,,,
,,,,,,,,,,,,,,,,,,,,,,,,,,
,,,,,,,,,,,,,,,,,,,,,,,,,,
,,,,,,,,,,,,,,,,,,,,,,,,,,
,,,,,,,,,,,,,,,,,,,,,,,,,,
,,,,,,,,,,,,,,,,,,,,,,,,,,
,,,,,,,,,,,,,,,,,,,,,,,,,,
,,,,,,,,,,,,,,,,,,,,,,,,,,
,,,,,,,,,,,,,,,,,,,,,,,,,,
,,,,,,,,,,,,,,,,,,,,,,,,,,
,,,,,,,,,,,,,,,,,,,,,,,,,,
,,,,,,,,,,,,,,,,,,,,,,,,,,
,,,,,,,,,,,,,,,,,,,,,,,,,,
,,,,,,,,,,,,,,,,,,,,,,,,,,
,,,,,,,,,,,,,,,,,,,,,,,,,,
,,,,,,,,,,,,,,,,,,,,,,,,,,
,,,,,,,,,,,,,,,,,,,,,,,,,,
,,,,,,,,,,,,,,,,,,,,,,,,,,
,,,,,,,,,,,,,,,,,,,,,,,,,,
,,,,,,,,,,,,,,,,,,,,,,,,,,
,,,,,,,,,,,,,,,,,,,,,,,,,,
,,,,,,,,,,,,,,,,,,,,,,,,,,
,,,,,,,,,,,,,,,,,,,,,,,,,,
,,,,,,,,,,,,,,,,,,,,,,,,,,
,,,,,,,,,,,,,,,,,,,,,,,,,,
,,,,,,,,,,,,,,,,,,,,,,,,,,
,,,,,,,,,,,,,,,,,,,,,,,,,,
,,,,,,,,,,,,,,,,,,,,,,,,,,
,,,,,,,,,,,,,,,,,,,,,,,,,,
,,,,,,,,,,,,,,,,,,,,,,,,,,
,,,,,,,,,,,,,,,,,,,,,,,,,,
,,,,,,,,,,,,,,,,,,,,,,,,,,
,,,,,,,,,,,,,,,,,,,,,,,,,,
,,,,,,,,,,,,,,,,,,,,,,,,,,
,,,,,,,,,,,,,,,,,,,,,,,,,,
,,,,,,,,,,,,,,,,,,,,,,,,,,
,,,,,,,,,,,,,,,,,,,,,,,,,,
,,,,,,,,,,,,,,,,,,,,,,,,,,
,,,,,,,,,,,,,,,,,,,,,,,,,,
,,,,,,,,,,,,,,,,,,,,,,,,,,
,,,,,,,,,,,,,,,,,,,,,,,,,,
,,,,,,,,,,,,,,,,,,,,,,,,,,
,,,,,,,,,,,,,,,,,,,,,,,,,,
,,,,,,,,,,,,,,,,,,,,,,,,,,
,,,,,,,,,,,,,,,,,,,,,,,,,,
,,,,,,,,,,,,,,,,,,,,,,,,,,
,,,,,,,,,,,,,,,,,,,,,,,,,,
,,,,,,,,,,,,,,,,,,,,,,,,,,
,,,,,,,,,,,,,,,,,,,,,,,,,,
,,,,,,,,,,,,,,,,,,,,,,,,,,
,,,,,,,,,,,,,,,,,,,,,,,,,,
,,,,,,,,,,,,,,,,,,,,,,,,,,
,,,,,,,,,,,,,,,,,,,,,,,,,,
,,,,,,,,,,,,,,,,,,,,,,,,,,
,,,,,,,,,,,,,,,,,,,,,,,,,,
,,,,,,,,,,,,,,,,,,,,,,,,,,
,,,,,,,,,,,,,,,,,,,,,,,,,,
,,,,,,,,,,,,,,,,,,,,,,,,,,
,,,,,,,,,,,,,,,,,,,,,,,,,,
,,,,,,,,,,,,,,,,,,,,,,,,,,
,,,,,,,,,,,,,,,,,,,,,,,,,,
,,,,,,,,,,,,,,,,,,,,,,,,,,
,,,,,,,,,,,,,,,,,,,,,,,,,,
,,,,,,,,,,,,,,,,,,,,,,,,,,
,,,,,,,,,,,,,,,,,,,,,,,,,,
,,,,,,,,,,,,,,,,,,,,,,,,,,
,,,,,,,,,,,,,,,,,,,,,,,,,,
,,,,,,,,,,,,,,,,,,,,,,,,,,
,,,,,,,,,,,,,,,,,,,,,,,,,,
,,,,,,,,,,,,,,,,,,,,,,,,,,
,,,,,,,,,,,,,,,,,,,,,,,,,,
,,,,,,,,,,,,,,,,,,,,,,,,,,
,,,,,,,,,,,,,,,,,,,,,,,,,,
,,,,,,,,,,,,,,,,,,,,,,,,,,
,,,,,,,,,,,,,,,,,,,,,,,,,,
,,,,,,,,,,,,,,,,,,,,,,,,,,
,,,,,,,,,,,,,,,,,,,,,,,,,,
,,,,,,,,,,,,,,,,,,,,,,,,,,
,,,,,,,,,,,,,,,,,,,,,,,,,,
,,,,,,,,,,,,,,,,,,,,,,,,,,
,,,,,,,,,,,,,,,,,,,,,,,,,,
,,,,,,,,,,,,,,,,,,,,,,,,,,
,,,,,,,,,,,,,,,,,,,,,,,,,,
,,,,,,,,,,,,,,,,,,,,,,,,,,
,,,,,,,,,,,,,,,,,,,,,,,,,,
,,,,,,,,,,,,,,,,,,,,,,,,,,
,,,,,,,,,,,,,,,,,,,,,,,,,,
,,,,,,,,,,,,,,,,,,,,,,,,,,
,,,,,,,,,,,,,,,,,,,,,,,,,,
,,,,,,,,,,,,,,,,,,,,,,,,,,
,,,,,,,,,,,,,,,,,,,,,,,,,,
,,,,,,,,,,,,,,,,,,,,,,,,,,
,,,,,,,,,,,,,,,,,,,,,,,,,,
,,,,,,,,,,,,,,,,,,,,,,,,,,
,,,,,,,,,,,,,,,,,,,,,,,,,,
,,,,,,,,,,,,,,,,,,,,,,,,,,
,,,,,,,,,,,,,,,,,,,,,,,,,,
,,,,,,,,,,,,,,,,,,,,,,,,,,
,,,,,,,,,,,,,,,,,,,,,,,,,,
,,,,,,,,,,,,,,,,,,,,,,,,,,
,,,,,,,,,,,,,,,,,,,,,,,,,,
,,,,,,,,,,,,,,,,,,,,,,,,,,
,,,,,,,,,,,,,,,,,,,,,,,,,,
,,,,,,,,,,,,,,,,,,,,,,,,,,
,,,,,,,,,,,,,,,,,,,,,,,,,,
,,,,,,,,,,,,,,,,,,,,,,,,,,
,,,,,,,,,,,,,,,,,,,,,,,,,,
,,,,,,,,,,,,,,,,,,,,,,,,,,
,,,,,,,,,,,,,,,,,,,,,,,,,,
,,,,,,,,,,,,,,,,,,,,,,,,,,
,,,,,,,,,,,,,,,,,,,,,,,,,,
,,,,,,,,,,,,,,,,,,,,,,,,,,
,,,,,,,,,,,,,,,,,,,,,,,,,,
,,,,,,,,,,,,,,,,,,,,,,,,,,
,,,,,,,,,,,,,,,,,,,,,,,,,,
,,,,,,,,,,,,,,,,,,,,,,,,,,
,,,,,,,,,,,,,,,,,,,,,,,,,,
,,,,,,,,,,,,,,,,,,,,,,,,,,
,,,,,,,,,,,,,,,,,,,,,,,,,,
,,,,,,,,,,,,,,,,,,,,,,,,,,
,,,,,,,,,,,,,,,,,,,,,,,,,,
,,,,,,,,,,,,,,,,,,,,,,,,,,
,,,,,,,,,,,,,,,,,,,,,,,,,,
,,,,,,,,,,,,,,,,,,,,,,,,,,
,,,,,,,,,,,,,,,,,,,,,,,,,,
,,,,,,,,,,,,,,,,,,,,,,,,,,
,,,,,,,,,,,,,,,,,,,,,,,,,,
,,,,,,,,,,,,,,,,,,,,,,,,,,
,,,,,,,,,,,,,,,,,,,,,,,,,,
,,,,,,,,,,,,,,,,,,,,,,,,,,
,,,,,,,,,,,,,,,,,,,,,,,,,,
,,,,,,,,,,,,,,,,,,,,,,,,,,
,,,,,,,,,,,,,,,,,,,,,,,,,,
,,,,,,,,,,,,,,,,,,,,,,,,,,
,,,,,,,,,,,,,,,,,,,,,,,,,,
,,,,,,,,,,,,,,,,,,,,,,,,,,
,,,,,,,,,,,,,,,,,,,,,,,,,,
,,,,,,,,,,,,,,,,,,,,,,,,,,
,,,,,,,,,,,,,,,,,,,,,,,,,,
,,,,,,,,,,,,,,,,,,,,,,,,,,
,,,,,,,,,,,,,,,,,,,,,,,,,,
,,,,,,,,,,,,,,,,,,,,,,,,,,
,,,,,,,,,,,,,,,,,,,,,,,,,,
,,,,,,,,,,,,,,,,,,,,,,,,,,
,,,,,,,,,,,,,,,,,,,,,,,,,,
,,,,,,,,,,,,,,,,,,,,,,,,,,
,,,,,,,,,,,,,,,,,,,,,,,,,,
,,,,,,,,,,,,,,,,,,,,,,,,,,
,,,,,,,,,,,,,,,,,,,,,,,,,,
,,,,,,,,,,,,,,,,,,,,,,,,,,
,,,,,,,,,,,,,,,,,,,,,,,,,,
,,,,,,,,,,,,,,,,,,,,,,,,,,
,,,,,,,,,,,,,,,,,,,,,,,,,,
,,,,,,,,,,,,,,,,,,,,,,,,,,
,,,,,,,,,,,,,,,,,,,,,,,,,,
,,,,,,,,,,,,,,,,,,,,,,,,,,
,,,,,,,,,,,,,,,,,,,,,,,,,,
,,,,,,,,,,,,,,,,,,,,,,,,,,
,,,,,,,,,,,,,,,,,,,,,,,,,,
,,,,,,,,,,,,,,,,,,,,,,,,,,
,,,,,,,,,,,,,,,,,,,,,,,,,,
,,,,,,,,,,,,,,,,,,,,,,,,,,
,,,,,,,,,,,,,,,,,,,,,,,,,,
,,,,,,,,,,,,,,,,,,,,,,,,,,
,,,,,,,,,,,,,,,,,,,,,,,,,,
,,,,,,,,,,,,,,,,,,,,,,,,,,
,,,,,,,,,,,,,,,,,,,,,,,,,,
,,,,,,,,,,,,,,,,,,,,,,,,,,
,,,,,,,,,,,,,,,,,,,,,,,,,,
,,,,,,,,,,,,,,,,,,,,,,,,,,
,,,,,,,,,,,,,,,,,,,,,,,,,,
,,,,,,,,,,,,,,,,,,,,,,,,,,
,,,,,,,,,,,,,,,,,,,,,,,,,,
,,,,,,,,,,,,,,,,,,,,,,,,,,
,,,,,,,,,,,,,,,,,,,,,,,,,,
,,,,,,,,,,,,,,,,,,,,,,,,,,
,,,,,,,,,,,,,,,,,,,,,,,,,,
,,,,,,,,,,,,,,,,,,,,,,,,,,
,,,,,,,,,,,,,,,,,,,,,,,,,,
,,,,,,,,,,,,,,,,,,,,,,,,,,
,,,,,,,,,,,,,,,,,,,,,,,,,,
,,,,,,,,,,,,,,,,,,,,,,,,,,
,,,,,,,,,,,,,,,,,,,,,,,,,,
,,,,,,,,,,,,,,,,,,,,,,,,,,
,,,,,,,,,,,,,,,,,,,,,,,,,,
,,,,,,,,,,,,,,,,,,,,,,,,,,
,,,,,,,,,,,,,,,,,,,,,,,,,,
,,,,,,,,,,,,,,,,,,,,,,,,,,
,,,,,,,,,,,,,,,,,,,,,,,,,,
,,,,,,,,,,,,,,,,,,,,,,,,,,
,,,,,,,,,,,,,,,,,,,,,,,,,,
,,,,,,,,,,,,,,,,,,,,,,,,,,
,,,,,,,,,,,,,,,,,,,,,,,,,,
,,,,,,,,,,,,,,,,,,,,,,,,,,
,,,,,,,,,,,,,,,,,,,,,,,,,,
,,,,,,,,,,,,,,,,,,,,,,,,,,
,,,,,,,,,,,,,,,,,,,,,,,,,,
,,,,,,,,,,,,,,,,,,,,,,,,,,
,,,,,,,,,,,,,,,,,,,,,,,,,,
,,,,,,,,,,,,,,,,,,,,,,,,,,
,,,,,,,,,,,,,,,,,,,,,,,,,,
,,,,,,,,,,,,,,,,,,,,,,,,,,
,,,,,,,,,,,,,,,,,,,,,,,,,,
,,,,,,,,,,,,,,,,,,,,,,,,,,
,,,,,,,,,,,,,,,,,,,,,,,,,,
,,,,,,,,,,,,,,,,,,,,,,,,,,
,,,,,,,,,,,,,,,,,,,,,,,,,,
,,,,,,,,,,,,,,,,,,,,,,,,,,
,,,,,,,,,,,,,,,,,,,,,,,,,,
,,,,,,,,,,,,,,,,,,,,,,,,,,
,,,,,,,,,,,,,,,,,,,,,,,,,,
,,,,,,,,,,,,,,,,,,,,,,,,,,
,,,,,,,,,,,,,,,,,,,,,,,,,,
,,,,,,,,,,,,,,,,,,,,,,,,,,
,,,,,,,,,,,,,,,,,,,,,,,,,,
,,,,,,,,,,,,,,,,,,,,,,,,,,
,,,,,,,,,,,,,,,,,,,,,,,,,,
,,,,,,,,,,,,,,,,,,,,,,,,,,
,,,,,,,,,,,,,,,,,,,,,,,,,,
,,,,,,,,,,,,,,,,,,,,,,,,,,
,,,,,,,,,,,,,,,,,,,,,,,,,,
,,,,,,,,,,,,,,,,,,,,,,,,,,
,,,,,,,,,,,,,,,,,,,,,,,,,,
,,,,,,,,,,,,,,,,,,,,,,,,,,
,,,,,,,,,,,,,,,,,,,,,,,,,,
,,,,,,,,,,,,,,,,,,,,,,,,,,
,,,,,,,,,,,,,,,,,,,,,,,,,,
,,,,,,,,,,,,,,,,,,,,,,,,,,
,,,,,,,,,,,,,,,,,,,,,,,,,,
,,,,,,,,,,,,,,,,,,,,,,,,,,
,,,,,,,,,,,,,,,,,,,,,,,,,,
,,,,,,,,,,,,,,,,,,,,,,,,,,
,,,,,,,,,,,,,,,,,,,,,,,,,,
,,,,,,,,,,,,,,,,,,,,,,,,,,
,,,,,,,,,,,,,,,,,,,,,,,,,,
,,,,,,,,,,,,,,,,,,,,,,,,,,
,,,,,,,,,,,,,,,,,,,,,,,,,,
,,,,,,,,,,,,,,,,,,,,,,,,,,
,,,,,,,,,,,,,,,,,,,,,,,,,,
,,,,,,,,,,,,,,,,,,,,,,,,,,
,,,,,,,,,,,,,,,,,,,,,,,,,,
,,,,,,,,,,,,,,,,,,,,,,,,,,
,,,,,,,,,,,,,,,,,,,,,,,,,,
,,,,,,,,,,,,,,,,,,,,,,,,,,
,,,,,,,,,,,,,,,,,,,,,,,,,,
,,,,,,,,,,,,,,,,,,,,,,,,,,
,,,,,,,,,,,,,,,,,,,,,,,,,,
,,,,,,,,,,,,,,,,,,,,,,,,,,
,,,,,,,,,,,,,,,,,,,,,,,,,,
,,,,,,,,,,,,,,,,,,,,,,,,,,
,,,,,,,,,,,,,,,,,,,,,,,,,,
,,,,,,,,,,,,,,,,,,,,,,,,,,
,,,,,,,,,,,,,,,,,,,,,,,,,,
,,,,,,,,,,,,,,,,,,,,,,,,,,
,,,,,,,,,,,,,,,,,,,,,,,,,,
,,,,,,,,,,,,,,,,,,,,,,,,,,
,,,,,,,,,,,,,,,,,,,,,,,,,,
,,,,,,,,,,,,,,,,,,,,,,,,,,
,,,,,,,,,,,,,,,,,,,,,,,,,,
,,,,,,,,,,,,,,,,,,,,,,,,,,
,,,,,,,,,,,,,,,,,,,,,,,,,,
,,,,,,,,,,,,,,,,,,,,,,,,,,
,,,,,,,,,,,,,,,,,,,,,,,,,,
,,,,,,,,,,,,,,,,,,,,,,,,,,
,,,,,,,,,,,,,,,,,,,,,,,,,,
,,,,,,,,,,,,,,,,,,,,,,,,,,
,,,,,,,,,,,,,,,,,,,,,,,,,,
,,,,,,,,,,,,,,,,,,,,,,,,,,
,,,,,,,,,,,,,,,,,,,,,,,,,,
,,,,,,,,,,,,,,,,,,,,,,,,,,
,,,,,,,,,,,,,,,,,,,,,,,,,,
,,,,,,,,,,,,,,,,,,,,,,,,,,
,,,,,,,,,,,,,,,,,,,,,,,,,,
,,,,,,,,,,,,,,,,,,,,,,,,,,
,,,,,,,,,,,,,,,,,,,,,,,,,,
,,,,,,,,,,,,,,,,,,,,,,,,,,
,,,,,,,,,,,,,,,,,,,,,,,,,,
,,,,,,,,,,,,,,,,,,,,,,,,,,
,,,,,,,,,,,,,,,,,,,,,,,,,,
,,,,,,,,,,,,,,,,,,,,,,,,,,
,,,,,,,,,,,,,,,,,,,,,,,,,,
,,,,,,,,,,,,,,,,,,,,,,,,,,
,,,,,,,,,,,,,,,,,,,,,,,,,,
,,,,,,,,,,,,,,,,,,,,,,,,,,
,,,,,,,,,,,,,,,,,,,,,,,,,,
,,,,,,,,,,,,,,,,,,,,,,,,,,
,,,,,,,,,,,,,,,,,,,,,,,,,,
,,,,,,,,,,,,,,,,,,,,,,,,,,
,,,,,,,,,,,,,,,,,,,,,,,,,,
,,,,,,,,,,,,,,,,,,,,,,,,,,
,,,,,,,,,,,,,,,,,,,,,,,,,,
,,,,,,,,,,,,,,,,,,,,,,,,,,
,,,,,,,,,,,,,,,,,,,,,,,,,,
,,,,,,,,,,,,,,,,,,,,,,,,,,
,,,,,,,,,,,,,,,,,,,,,,,,,,
,,,,,,,,,,,,,,,,,,,,,,,,,,
,,,,,,,,,,,,,,,,,,,,,,,,,,
,,,,,,,,,,,,,,,,,,,,,,,,,,
,,,,,,,,,,,,,,,,,,,,,,,,,,
,,,,,,,,,,,,,,,,,,,,,,,,,,
,,,,,,,,,,,,,,,,,,,,,,,,,,
,,,,,,,,,,,,,,,,,,,,,,,,,,
,,,,,,,,,,,,,,,,,,,,,,,,,,
,,,,,,,,,,,,,,,,,,,,,,,,,,
,,,,,,,,,,,,,,,,,,,,,,,,,,
,,,,,,,,,,,,,,,,,,,,,,,,,,
,,,,,,,,,,,,,,,,,,,,,,,,,,
,,,,,,,,,,,,,,,,,,,,,,,,,,
,,,,,,,,,,,,,,,,,,,,,,,,,,
,,,,,,,,,,,,,,,,,,,,,,,,,,
,,,,,,,,,,,,,,,,,,,,,,,,,,
,,,,,,,,,,,,,,,,,,,,,,,,,,
,,,,,,,,,,,,,,,,,,,,,,,,,,
,,,,,,,,,,,,,,,,,,,,,,,,,,
,,,,,,,,,,,,,,,,,,,,,,,,,,
,,,,,,,,,,,,,,,,,,,,,,,,,,
,,,,,,,,,,,,,,,,,,,,,,,,,,
,,,,,,,,,,,,,,,,,,,,,,,,,,
,,,,,,,,,,,,,,,,,,,,,,,,,,
,,,,,,,,,,,,,,,,,,,,,,,,,,
,,,,,,,,,,,,,,,,,,,,,,,,,,
,,,,,,,,,,,,,,,,,,,,,,,,,,
,,,,,,,,,,,,,,,,,,,,,,,,,,
,,,,,,,,,,,,,,,,,,,,,,,,,,
,,,,,,,,,,,,,,,,,,,,,,,,,,
,,,,,,,,,,,,,,,,,,,,,,,,,,
,,,,,,,,,,,,,,,,,,,,,,,,,,
,,,,,,,,,,,,,,,,,,,,,,,,,,
,,,,,,,,,,,,,,,,,,,,,,,,,,
,,,,,,,,,,,,,,,,,,,,,,,,,,
,,,,,,,,,,,,,,,,,,,,,,,,,,
,,,,,,,,,,,,,,,,,,,,,,,,,,
,,,,,,,,,,,,,,,,,,,,,,,,,,
,,,,,,,,,,,,,,,,,,,,,,,,,,
,,,,,,,,,,,,,,,,,,,,,,,,,,
,,,,,,,,,,,,,,,,,,,,,,,,,,
,,,,,,,,,,,,,,,,,,,,,,,,,,
,,,,,,,,,,,,,,,,,,,,,,,,,,
,,,,,,,,,,,,,,,,,,,,,,,,,,
,,,,,,,,,,,,,,,,,,,,,,,,,,
,,,,,,,,,,,,,,,,,,,,,,,,,,
,,,,,,,,,,,,,,,,,,,,,,,,,,
,,,,,,,,,,,,,,,,,,,,,,,,,,
,,,,,,,,,,,,,,,,,,,,,,,,,,
,,,,,,,,,,,,,,,,,,,,,,,,,,
,,,,,,,,,,,,,,,,,,,,,,,,,,
,,,,,,,,,,,,,,,,,,,,,,,,,,
,,,,,,,,,,,,,,,,,,,,,,,,,,
,,,,,,,,,,,,,,,,,,,,,,,,,,
,,,,,,,,,,,,,,,,,,,,,,,,,,
,,,,,,,,,,,,,,,,,,,,,,,,,,
,,,,,,,,,,,,,,,,,,,,,,,,,,
,,,,,,,,,,,,,,,,,,,,,,,,,,
,,,,,,,,,,,,,,,,,,,,,,,,,,
,,,,,,,,,,,,,,,,,,,,,,,,,,
,,,,,,,,,,,,,,,,,,,,,,,,,,
,,,,,,,,,,,,,,,,,,,,,,,,,,
,,,,,,,,,,,,,,,,,,,,,,,,,,
,,,,,,,,,,,,,,,,,,,,,,,,,,
,,,,,,,,,,,,,,,,,,,,,,,,,,
,,,,,,,,,,,,,,,,,,,,,,,,,,
,,,,,,,,,,,,,,,,,,,,,,,,,,
,,,,,,,,,,,,,,,,,,,,,,,,,,
,,,,,,,,,,,,,,,,,,,,,,,,,,
,,,,,,,,,,,,,,,,,,,,,,,,,,
,,,,,,,,,,,,,,,,,,,,,,,,,,
,,,,,,,,,,,,,,,,,,,,,,,,,,
,,,,,,,,,,,,,,,,,,,,,,,,,,
,,,,,,,,,,,,,,,,,,,,,,,,,,
,,,,,,,,,,,,,,,,,,,,,,,,,,
,,,,,,,,,,,,,,,,,,,,,,,,,,
,,,,,,,,,,,,,,,,,,,,,,,,,,
,,,,,,,,,,,,,,,,,,,,,,,,,,
,,,,,,,,,,,,,,,,,,,,,,,,,,
,,,,,,,,,,,,,,,,,,,,,,,,,,
,,,,,,,,,,,,,,,,,,,,,,,,,,
,,,,,,,,,,,,,,,,,,,,,,,,,,
,,,,,,,,,,,,,,,,,,,,,,,,,,
,,,,,,,,,,,,,,,,,,,,,,,,,,
,,,,,,,,,,,,,,,,,,,,,,,,,,
,,,,,,,,,,,,,,,,,,,,,,,,,,
,,,,,,,,,,,,,,,,,,,,,,,,,,
,,,,,,,,,,,,,,,,,,,,,,,,,,
,,,,,,,,,,,,,,,,,,,,,,,,,,
,,,,,,,,,,,,,,,,,,,,,,,,,,
,,,,,,,,,,,,,,,,,,,,,,,,,,
,,,,,,,,,,,,,,,,,,,,,,,,,,
,,,,,,,,,,,,,,,,,,,,,,,,,,
,,,,,,,,,,,,,,,,,,,,,,,,,,
,,,,,,,,,,,,,,,,,,,,,,,,,,
,,,,,,,,,,,,,,,,,,,,,,,,,,
,,,,,,,,,,,,,,,,,,,,,,,,,,
,,,,,,,,,,,,,,,,,,,,,,,,,,
,,,,,,,,,,,,,,,,,,,,,,,,,,
,,,,,,,,,,,,,,,,,,,,,,,,,,
,,,,,,,,,,,,,,,,,,,,,,,,,,
,,,,,,,,,,,,,,,,,,,,,,,,,,
,,,,,,,,,,,,,,,,,,,,,,,,,,
,,,,,,,,,,,,,,,,,,,,,,,,,,
,,,,,,,,,,,,,,,,,,,,,,,,,,
,,,,,,,,,,,,,,,,,,,,,,,,,,
,,,,,,,,,,,,,,,,,,,,,,,,,,
,,,,,,,,,,,,,,,,,,,,,,,,,,
,,,,,,,,,,,,,,,,,,,,,,,,,,
,,,,,,,,,,,,,,,,,,,,,,,,,,
,,,,,,,,,,,,,,,,,,,,,,,,,,
,,,,,,,,,,,,,,,,,,,,,,,,,,
,,,,,,,,,,,,,,,,,,,,,,,,,,
,,,,,,,,,,,,,,,,,,,,,,,,,,
,,,,,,,,,,,,,,,,,,,,,,,,,,
,,,,,,,,,,,,,,,,,,,,,,,,,,
,,,,,,,,,,,,,,,,,,,,,,,,,,
,,,,,,,,,,,,,,,,,,,,,,,,,,
,,,,,,,,,,,,,,,,,,,,,,,,,,
,,,,,,,,,,,,,,,,,,,,,,,,,,
,,,,,,,,,,,,,,,,,,,,,,,,,,
,,,,,,,,,,,,,,,,,,,,,,,,,,
,,,,,,,,,,,,,,,,,,,,,,,,,,
,,,,,,,,,,,,,,,,,,,,,,,,,,
,,,,,,,,,,,,,,,,,,,,,,,,,,
,,,,,,,,,,,,,,,,,,,,,,,,,,
,,,,,,,,,,,,,,,,,,,,,,,,,,
,,,,,,,,,,,,,,,,,,,,,,,,,,
,,,,,,,,,,,,,,,,,,,,,,,,,,
,,,,,,,,,,,,,,,,,,,,,,,,,,
,,,,,,,,,,,,,,,,,,,,,,,,,,
,,,,,,,,,,,,,,,,,,,,,,,,,,
,,,,,,,,,,,,,,,,,,,,,,,,,,
,,,,,,,,,,,,,,,,,,,,,,,,,,
,,,,,,,,,,,,,,,,,,,,,,,,,,
,,,,,,,,,,,,,,,,,,,,,,,,,,
,,,,,,,,,,,,,,,,,,,,,,,,,,
,,,,,,,,,,,,,,,,,,,,,,,,,,
,,,,,,,,,,,,,,,,,,,,,,,,,,
,,,,,,,,,,,,,,,,,,,,,,,,,,
,,,,,,,,,,,,,,,,,,,,,,,,,,
,,,,,,,,,,,,,,,,,,,,,,,,,,
,,,,,,,,,,,,,,,,,,,,,,,,,,
,,,,,,,,,,,,,,,,,,,,,,,,,,
,,,,,,,,,,,,,,,,,,,,,,,,,,
,,,,,,,,,,,,,,,,,,,,,,,,,,
,,,,,,,,,,,,,,,,,,,,,,,,,,
,,,,,,,,,,,,,,,,,,,,,,,,,,
,,,,,,,,,,,,,,,,,,,,,,,,,,
,,,,,,,,,,,,,,,,,,,,,,,,,,
,,,,,,,,,,,,,,,,,,,,,,,,,,
,,,,,,,,,,,,,,,,,,,,,,,,,,
,,,,,,,,,,,,,,,,,,,,,,,,,,
,,,,,,,,,,,,,,,,,,,,,,,,,,
,,,,,,,,,,,,,,,,,,,,,,,,,,
,,,,,,,,,,,,,,,,,,,,,,,,,,
,,,,,,,,,,,,,,,,,,,,,,,,,,
,,,,,,,,,,,,,,,,,,,,,,,,,,
,,,,,,,,,,,,,,,,,,,,,,,,,,
,,,,,,,,,,,,,,,,,,,,,,,,,,
,,,,,,,,,,,,,,,,,,,,,,,,,,
,,,,,,,,,,,,,,,,,,,,,,,,,,
,,,,,,,,,,,,,,,,,,,,,,,,,,
,,,,,,,,,,,,,,,,,,,,,,,,,,
,,,,,,,,,,,,,,,,,,,,,,,,,,
,,,,,,,,,,,,,,,,,,,,,,,,,,
,,,,,,,,,,,,,,,,,,,,,,,,,,
,,,,,,,,,,,,,,,,,,,,,,,,,,
,,,,,,,,,,,,,,,,,,,,,,,,,,
,,,,,,,,,,,,,,,,,,,,,,,,,,
,,,,,,,,,,,,,,,,,,,,,,,,,,
,,,,,,,,,,,,,,,,,,,,,,,,,,
,,,,,,,,,,,,,,,,,,,,,,,,,,
,,,,,,,,,,,,,,,,,,,,,,,,,,
,,,,,,,,,,,,,,,,,,,,,,,,,,
,,,,,,,,,,,,,,,,,,,,,,,,,,
,,,,,,,,,,,,,,,,,,,,,,,,,,
,,,,,,,,,,,,,,,,,,,,,,,,,,
,,,,,,,,,,,,,,,,,,,,,,,,,,
,,,,,,,,,,,,,,,,,,,,,,,,,,
,,,,,,,,,,,,,,,,,,,,,,,,,,
,,,,,,,,,,,,,,,,,,,,,,,,,,
,,,,,,,,,,,,,,,,,,,,,,,,,,
,,,,,,,,,,,,,,,,,,,,,,,,,,
,,,,,,,,,,,,,,,,,,,,,,,,,,
,,,,,,,,,,,,,,,,,,,,,,,,,,
,,,,,,,,,,,,,,,,,,,,,,,,,,
,,,,,,,,,,,,,,,,,,,,,,,,,,
,,,,,,,,,,,,,,,,,,,,,,,,,,
,,,,,,,,,,,,,,,,,,,,,,,,,,
,,,,,,,,,,,,,,,,,,,,,,,,,,
,,,,,,,,,,,,,,,,,,,,,,,,,,
,,,,,,,,,,,,,,,,,,,,,,,,,,
,,,,,,,,,,,,,,,,,,,,,,,,,,
,,,,,,,,,,,,,,,,,,,,,,,,,,
,,,,,,,,,,,,,,,,,,,,,,,,,,
,,,,,,,,,,,,,,,,,,,,,,,,,,
,,,,,,,,,,,,,,,,,,,,,,,,,,
,,,,,,,,,,,,,,,,,,,,,,,,,,
,,,,,,,,,,,,,,,,,,,,,,,,,,
,,,,,,,,,,,,,,,,,,,,,,,,,,
,,,,,,,,,,,,,,,,,,,,,,,,,,
,,,,,,,,,,,,,,,,,,,,,,,,,,
,,,,,,,,,,,,,,,,,,,,,,,,,,
,,,,,,,,,,,,,,,,,,,,,,,,,,
,,,,,,,,,,,,,,,,,,,,,,,,,,
,,,,,,,,,,,,,,,,,,,,,,,,,,
,,,,,,,,,,,,,,,,,,,,,,,,,,
,,,,,,,,,,,,,,,,,,,,,,,,,,
,,,,,,,,,,,,,,,,,,,,,,,,,,
,,,,,,,,,,,,,,,,,,,,,,,,,,
,,,,,,,,,,,,,,,,,,,,,,,,,,
,,,,,,,,,,,,,,,,,,,,,,,,,,
,,,,,,,,,,,,,,,,,,,,,,,,,,
,,,,,,,,,,,,,,,,,,,,,,,,,,
,,,,,,,,,,,,,,,,,,,,,,,,,,
,,,,,,,,,,,,,,,,,,,,,,,,,,
,,,,,,,,,,,,,,,,,,,,,,,,,,
,,,,,,,,,,,,,,,,,,,,,,,,,,
,,,,,,,,,,,,,,,,,,,,,,,,,,
,,,,,,,,,,,,,,,,,,,,,,,,,,
,,,,,,,,,,,,,,,,,,,,,,,,,,
,,,,,,,,,,,,,,,,,,,,,,,,,,
,,,,,,,,,,,,,,,,,,,,,,,,,,
,,,,,,,,,,,,,,,,,,,,,,,,,,
,,,,,,,,,,,,,,,,,,,,,,,,,,
,,,,,,,,,,,,,,,,,,,,,,,,,,
,,,,,,,,,,,,,,,,,,,,,,,,,,
,,,,,,,,,,,,,,,,,,,,,,,,,,
,,,,,,,,,,,,,,,,,,,,,,,,,,
,,,,,,,,,,,,,,,,,,,,,,,,,,
,,,,,,,,,,,,,,,,,,,,,,,,,,
,,,,,,,,,,,,,,,,,,,,,,,,,,
,,,,,,,,,,,,,,,,,,,,,,,,,,
,,,,,,,,,,,,,,,,,,,,,,,,,,
,,,,,,,,,,,,,,,,,,,,,,,,,,
,,,,,,,,,,,,,,,,,,,,,,,,,,
,,,,,,,,,,,,,,,,,,,,,,,,,,
,,,,,,,,,,,,,,,,,,,,,,,,,,
,,,,,,,,,,,,,,,,,,,,,,,,,,
,,,,,,,,,,,,,,,,,,,,,,,,,,
,,,,,,,,,,,,,,,,,,,,,,,,,,
,,,,,,,,,,,,,,,,,,,,,,,,,,
,,,,,,,,,,,,,,,,,,,,,,,,,,
,,,,,,,,,,,,,,,,,,,,,,,,,,
,,,,,,,,,,,,,,,,,,,,,,,,,,
,,,,,,,,,,,,,,,,,,,,,,,,,,
,,,,,,,,,,,,,,,,,,,,,,,,,,
,,,,,,,,,,,,,,,,,,,,,,,,,,
,,,,,,,,,,,,,,,,,,,,,,,,,,
,,,,,,,,,,,,,,,,,,,,,,,,,,
,,,,,,,,,,,,,,,,,,,,,,,,,,
,,,,,,,,,,,,,,,,,,,,,,,,,,
,,,,,,,,,,,,,,,,,,,,,,,,,,
,,,,,,,,,,,,,,,,,,,,,,,,,,
,,,,,,,,,,,,,,,,,,,,,,,,,,
,,,,,,,,,,,,,,,,,,,,,,,,,,
,,,,,,,,,,,,,,,,,,,,,,,,,,
,,,,,,,,,,,,,,,,,,,,,,,,,,
,,,,,,,,,,,,,,,,,,,,,,,,,,
,,,,,,,,,,,,,,,,,,,,,,,,,,
,,,,,,,,,,,,,,,,,,,,,,,,,,
,,,,,,,,,,,,,,,,,,,,,,,,,,
,,,,,,,,,,,,,,,,,,,,,,,,,,
,,,,,,,,,,,,,,,,,,,,,,,,,,
,,,,,,,,,,,,,,,,,,,,,,,,,,
,,,,,,,,,,,,,,,,,,,,,,,,,,
,,,,,,,,,,,,,,,,,,,,,,,,,,
,,,,,,,,,,,,,,,,,,,,,,,,,,
,,,,,,,,,,,,,,,,,,,,,,,,,,
,,,,,,,,,,,,,,,,,,,,,,,,,,
,,,,,,,,,,,,,,,,,,,,,,,,,,
,,,,,,,,,,,,,,,,,,,,,,,,,,
,,,,,,,,,,,,,,,,,,,,,,,,,,
,,,,,,,,,,,,,,,,,,,,,,,,,,
,,,,,,,,,,,,,,,,,,,,,,,,,,
,,,,,,,,,,,,,,,,,,,,,,,,,,
,,,,,,,,,,,,,,,,,,,,,,,,,,
,,,,,,,,,,,,,,,,,,,,,,,,,,
,,,,,,,,,,,,,,,,,,,,,,,,,,
,,,,,,,,,,,,,,,,,,,,,,,,,,
,,,,,,,,,,,,,,,,,,,,,,,,,,
,,,,,,,,,,,,,,,,,,,,,,,,,,
,,,,,,,,,,,,,,,,,,,,,,,,,,
,,,,,,,,,,,,,,,,,,,,,,,,,,
,,,,,,,,,,,,,,,,,,,,,,,,,,
,,,,,,,,,,,,,,,,,,,,,,,,,,
,,,,,,,,,,,,,,,,,,,,,,,,,,
,,,,,,,,,,,,,,,,,,,,,,,,,,
,,,,,,,,,,,,,,,,,,,,,,,,,,
,,,,,,,,,,,,,,,,,,,,,,,,,,
,,,,,,,,,,,,,,,,,,,,,,,,,,
,,,,,,,,,,,,,,,,,,,,,,,,,,
,,,,,,,,,,,,,,,,,,,,,,,,,,
,,,,,,,,,,,,,,,,,,,,,,,,,,
,,,,,,,,,,,,,,,,,,,,,,,,,,
,,,,,,,,,,,,,,,,,,,,,,,,,,
,,,,,,,,,,,,,,,,,,,,,,,,,,
,,,,,,,,,,,,,,,,,,,,,,,,,,
,,,,,,,,,,,,,,,,,,,,,,,,,,
,,,,,,,,,,,,,,,,,,,,,,,,,,
,,,,,,,,,,,,,,,,,,,,,,,,,,
,,,,,,,,,,,,,,,,,,,,,,,,,,
,,,,,,,,,,,,,,,,,,,,,,,,,,
,,,,,,,,,,,,,,,,,,,,,,,,,,
,,,,,,,,,,,,,,,,,,,,,,,,,,
,,,,,,,,,,,,,,,,,,,,,,,,,,
,,,,,,,,,,,,,,,,,,,,,,,,,,
,,,,,,,,,,,,,,,,,,,,,,,,,,
,,,,,,,,,,,,,,,,,,,,,,,,,,
,,,,,,,,,,,,,,,,,,,,,,,,,,
,,,,,,,,,,,,,,,,,,,,,,,,,,
,,,,,,,,,,,,,,,,,,,,,,,,,,
,,,,,,,,,,,,,,,,,,,,,,,,,,
,,,,,,,,,,,,,,,,,,,,,,,,,,
,,,,,,,,,,,,,,,,,,,,,,,,,,
,,,,,,,,,,,,,,,,,,,,,,,,,,
,,,,,,,,,,,,,,,,,,,,,,,,,,
,,,,,,,,,,,,,,,,,,,,,,,,,,
,,,,,,,,,,,,,,,,,,,,,,,,,,
